id,date,bank_rate,Quarter,Year,Month,Week_Num,brm_lookup,,,
brw_001,2013-08-07,1.25,3,2013,8,32,brm_001,,,
brw_002,2013-08-14,1.25,3,2013,8,33,brm_001,,,
brw_003,2013-08-21,1.25,3,2013,8,34,brm_001,,,
brw_004,2013-08-28,1.25,3,2013,8,35,brm_001,,,
brw_005,2013-09-04,1.25,3,2013,9,36,brm_002,,,
brw_006,2013-09-11,1.25,3,2013,9,37,brm_002,,,
brw_007,2013-09-18,1.25,3,2013,9,38,brm_002,,,
brw_008,2013-09-25,1.25,3,2013,9,39,brm_002,,,
brw_009,2013-10-02,1.25,4,2013,10,40,brm_003,,,
brw_010,2013-10-09,1.25,4,2013,10,41,brm_003,,,
brw_011,2013-10-16,1.25,4,2013,10,42,brm_003,,,
brw_012,2013-10-23,1.25,4,2013,10,43,brm_003,,,
brw_013,2013-10-30,1.25,4,2013,10,44,brm_003,,,
brw_014,2013-11-06,1.25,4,2013,11,45,brm_004,,,
brw_015,2013-11-13,1.25,4,2013,11,46,brm_004,,,
brw_016,2013-11-20,1.25,4,2013,11,47,brm_004,,,
brw_017,2013-11-27,1.25,4,2013,11,48,brm_004,,,
brw_018,2013-12-04,1.25,4,2013,12,49,brm_005,,,
brw_019,2013-12-11,1.25,4,2013,12,50,brm_005,,,
brw_020,2013-12-18,1.25,4,2013,12,51,brm_005,,,
brw_021,2013-12-25,1.25,4,2013,12,52,brm_005,,,
brw_022,2014-01-01,1.25,1,2014,1,1,brm_006,,,
brw_023,2014-01-08,1.25,1,2014,1,2,brm_006,,,
brw_024,2014-01-15,1.25,1,2014,1,3,brm_006,,,
brw_025,2014-01-22,1.25,1,2014,1,4,brm_006,,,
brw_026,2014-01-29,1.25,1,2014,1,5,brm_006,,,
brw_027,2014-02-05,1.25,1,2014,2,6,brm_007,,,
brw_028,2014-02-12,1.25,1,2014,2,7,brm_007,,,
brw_029,2014-02-19,1.25,1,2014,2,8,brm_007,,,
brw_030,2014-02-26,1.25,1,2014,2,9,brm_007,,,
brw_031,2014-03-05,1.25,1,2014,3,10,brm_008,,,
brw_032,2014-03-12,1.25,1,2014,3,11,brm_008,,,
brw_033,2014-03-19,1.25,1,2014,3,12,brm_008,,,
brw_034,2014-03-26,1.25,1,2014,3,13,brm_008,,,
brw_035,2014-04-02,1.25,2,2014,4,14,brm_009,,,
brw_036,2014-04-09,1.25,2,2014,4,15,brm_009,,,
brw_037,2014-04-16,1.25,2,2014,4,16,brm_009,,,
brw_038,2014-04-23,1.25,2,2014,4,17,brm_009,,,
brw_039,2014-04-30,1.25,2,2014,4,18,brm_009,,,
brw_040,2014-05-07,1.25,2,2014,5,19,brm_010,,,
brw_041,2014-05-14,1.25,2,2014,5,20,brm_010,,,
brw_042,2014-05-21,1.25,2,2014,5,21,brm_010,,,
brw_043,2014-05-28,1.25,2,2014,5,22,brm_010,,,
brw_044,2014-06-04,1.25,2,2014,6,23,brm_011,,,
brw_045,2014-06-11,1.25,2,2014,6,24,brm_011,,,
brw_046,2014-06-18,1.25,2,2014,6,25,brm_011,,,
brw_047,2014-06-25,1.25,2,2014,6,26,brm_011,,,
brw_048,2014-07-02,1.25,3,2014,7,27,brm_012,,,
brw_049,2014-07-09,1.25,3,2014,7,28,brm_012,,,
brw_050,2014-07-16,1.25,3,2014,7,29,brm_012,,,
brw_051,2014-07-23,1.25,3,2014,7,30,brm_012,,,
brw_052,2014-07-30,1.25,3,2014,7,31,brm_012,,,
brw_053,2014-08-06,1.25,3,2014,8,32,brm_013,,,
brw_054,2014-08-13,1.25,3,2014,8,33,brm_013,,,
brw_055,2014-08-20,1.25,3,2014,8,34,brm_013,,,
brw_056,2014-08-27,1.25,3,2014,8,35,brm_013,,,
brw_057,2014-09-03,1.25,3,2014,9,36,brm_014,,,
brw_058,2014-09-10,1.25,3,2014,9,37,brm_014,,,
brw_059,2014-09-17,1.25,3,2014,9,38,brm_014,,,
brw_060,2014-09-24,1.25,3,2014,9,39,brm_014,,,
brw_061,2014-10-01,1.25,4,2014,10,40,brm_015,,,
brw_062,2014-10-08,1.25,4,2014,10,41,brm_015,,,
brw_063,2014-10-15,1.25,4,2014,10,42,brm_015,,,
brw_064,2014-10-22,1.25,4,2014,10,43,brm_015,,,
brw_065,2014-10-29,1.25,4,2014,10,44,brm_015,,,
brw_066,2014-11-05,1.25,4,2014,11,45,brm_016,,,
brw_067,2014-11-12,1.25,4,2014,11,46,brm_016,,,
brw_068,2014-11-19,1.25,4,2014,11,47,brm_016,,,
brw_069,2014-11-26,1.25,4,2014,11,48,brm_016,,,
brw_070,2014-12-03,1.25,4,2014,12,49,brm_017,,,
brw_071,2014-12-10,1.25,4,2014,12,50,brm_017,,,
brw_072,2014-12-17,1.25,4,2014,12,51,brm_017,,,
brw_073,2014-12-24,1.25,4,2014,12,52,brm_017,,,
brw_074,2014-12-31,1.25,4,2014,12,53,brm_017,,,
brw_075,2015-01-07,1.25,1,2015,1,2,brm_018,,,
brw_076,2015-01-14,1.25,1,2015,1,3,brm_018,,,
brw_077,2015-01-21,1,1,2015,1,4,brm_018,,,
brw_078,2015-01-28,1,1,2015,1,5,brm_018,,,
brw_079,2015-02-04,1,1,2015,2,6,brm_019,,,
brw_080,2015-02-11,1,1,2015,2,7,brm_019,,,
brw_081,2015-02-18,1,1,2015,2,8,brm_019,,,
brw_082,2015-02-25,1,1,2015,2,9,brm_019,,,
brw_083,2015-03-04,1,1,2015,3,10,brm_020,,,
brw_084,2015-03-11,1,1,2015,3,11,brm_020,,,
brw_085,2015-03-18,1,1,2015,3,12,brm_020,,,
brw_086,2015-03-25,1,1,2015,3,13,brm_020,,,
brw_087,2015-04-01,1,2,2015,4,14,brm_021,,,
brw_088,2015-04-08,1,2,2015,4,15,brm_021,,,
brw_089,2015-04-15,1,2,2015,4,16,brm_021,,,
brw_090,2015-04-22,1,2,2015,4,17,brm_021,,,
brw_091,2015-04-29,1,2,2015,4,18,brm_021,,,
brw_092,2015-05-06,1,2,2015,5,19,brm_022,,,
brw_093,2015-05-13,1,2,2015,5,20,brm_022,,,
brw_094,2015-05-20,1,2,2015,5,21,brm_022,,,
brw_095,2015-05-27,1,2,2015,5,22,brm_022,,,
brw_096,2015-06-03,1,2,2015,6,23,brm_023,,,
brw_097,2015-06-10,1,2,2015,6,24,brm_023,,,
brw_098,2015-06-17,1,2,2015,6,25,brm_023,,,
brw_099,2015-06-24,1,2,2015,6,26,brm_023,,,
brw_100,2015-07-01,1,3,2015,7,27,brm_024,,,
brw_101,2015-07-08,1,3,2015,7,28,brm_024,,,
brw_102,2015-07-15,0.75,3,2015,7,29,brm_024,,,
brw_103,2015-07-22,0.75,3,2015,7,30,brm_024,,,
brw_104,2015-07-29,0.75,3,2015,7,31,brm_024,,,
brw_105,2015-08-05,0.75,3,2015,8,32,brm_025,,,
brw_106,2015-08-12,0.75,3,2015,8,33,brm_025,,,
brw_107,2015-08-19,0.75,3,2015,8,34,brm_025,,,
brw_108,2015-08-26,0.75,3,2015,8,35,brm_025,,,
brw_109,2015-09-02,0.75,3,2015,9,36,brm_026,,,
brw_110,2015-09-09,0.75,3,2015,9,37,brm_026,,,
brw_111,2015-09-16,0.75,3,2015,9,38,brm_026,,,
brw_112,2015-09-23,0.75,3,2015,9,39,brm_026,,,
brw_113,2015-09-30,0.75,3,2015,9,40,brm_026,,,
brw_114,2015-10-07,0.75,4,2015,10,41,brm_027,,,
brw_115,2015-10-14,0.75,4,2015,10,42,brm_027,,,
brw_116,2015-10-21,0.75,4,2015,10,43,brm_027,,,
brw_117,2015-10-28,0.75,4,2015,10,44,brm_027,,,
brw_118,2015-11-04,0.75,4,2015,11,45,brm_028,,,
brw_119,2015-11-11,0.75,4,2015,11,46,brm_028,,,
brw_120,2015-11-18,0.75,4,2015,11,47,brm_028,,,
brw_121,2015-11-25,0.75,4,2015,11,48,brm_028,,,
brw_122,2015-12-02,0.75,4,2015,12,49,brm_029,,,
brw_123,2015-12-09,0.75,4,2015,12,50,brm_029,,,
brw_124,2015-12-16,0.75,4,2015,12,51,brm_029,,,
brw_125,2015-12-23,0.75,4,2015,12,52,brm_029,,,
brw_126,2015-12-30,0.75,4,2015,12,53,brm_029,,,
brw_127,2016-01-06,0.75,1,2016,1,2,brm_030,,,
brw_128,2016-01-13,0.75,1,2016,1,3,brm_030,,,
brw_129,2016-01-20,0.75,1,2016,1,4,brm_030,,,
brw_130,2016-01-27,0.75,1,2016,1,5,brm_030,,,
brw_131,2016-02-03,0.75,1,2016,2,6,brm_031,,,
brw_132,2016-02-10,0.75,1,2016,2,7,brm_031,,,
brw_133,2016-02-17,0.75,1,2016,2,8,brm_031,,,
brw_134,2016-02-24,0.75,1,2016,2,9,brm_031,,,
brw_135,2016-03-02,0.75,1,2016,3,10,brm_032,,,
brw_136,2016-03-09,0.75,1,2016,3,11,brm_032,,,
brw_137,2016-03-16,0.75,1,2016,3,12,brm_032,,,
brw_138,2016-03-23,0.75,1,2016,3,13,brm_032,,,
brw_139,2016-03-30,0.75,1,2016,3,14,brm_032,,,
brw_140,2016-04-06,0.75,2,2016,4,15,brm_033,,,
brw_141,2016-04-13,0.75,2,2016,4,16,brm_033,,,
brw_142,2016-04-20,0.75,2,2016,4,17,brm_033,,,
brw_143,2016-04-27,0.75,2,2016,4,18,brm_033,,,
brw_144,2016-05-04,0.75,2,2016,5,19,brm_034,,,
brw_145,2016-05-11,0.75,2,2016,5,20,brm_034,,,
brw_146,2016-05-18,0.75,2,2016,5,21,brm_034,,,
brw_147,2016-05-25,0.75,2,2016,5,22,brm_034,,,
brw_148,2016-06-01,0.75,2,2016,6,23,brm_035,,,
brw_149,2016-06-08,0.75,2,2016,6,24,brm_035,,,
brw_150,2016-06-15,0.75,2,2016,6,25,brm_035,,,
brw_151,2016-06-22,0.75,2,2016,6,26,brm_035,,,
brw_152,2016-06-29,0.75,2,2016,6,27,brm_035,,,
brw_153,2016-07-06,0.75,3,2016,7,28,brm_036,,,
brw_154,2016-07-13,0.75,3,2016,7,29,brm_036,,,
brw_155,2016-07-20,0.75,3,2016,7,30,brm_036,,,
brw_156,2016-07-27,0.75,3,2016,7,31,brm_036,,,
brw_157,2016-08-03,0.75,3,2016,8,32,brm_037,,,
brw_158,2016-08-10,0.75,3,2016,8,33,brm_037,,,
brw_159,2016-08-17,0.75,3,2016,8,34,brm_037,,,
brw_160,2016-08-24,0.75,3,2016,8,35,brm_037,,,
brw_161,2016-08-31,0.75,3,2016,8,36,brm_037,,,
brw_162,2016-09-07,0.75,3,2016,9,37,brm_038,,,
brw_163,2016-09-14,0.75,3,2016,9,38,brm_038,,,
brw_164,2016-09-21,0.75,3,2016,9,39,brm_038,,,
brw_165,2016-09-28,0.75,3,2016,9,40,brm_038,,,
brw_166,2016-10-05,0.75,4,2016,10,41,brm_039,,,
brw_167,2016-10-12,0.75,4,2016,10,42,brm_039,,,
brw_168,2016-10-19,0.75,4,2016,10,43,brm_039,,,
brw_169,2016-10-26,0.75,4,2016,10,44,brm_039,,,
brw_170,2016-11-02,0.75,4,2016,11,45,brm_040,,,
brw_171,2016-11-09,0.75,4,2016,11,46,brm_040,,,
brw_172,2016-11-16,0.75,4,2016,11,47,brm_040,,,
brw_173,2016-11-23,0.75,4,2016,11,48,brm_040,,,
brw_174,2016-11-30,0.75,4,2016,11,49,brm_040,,,
brw_175,2016-12-07,0.75,4,2016,12,50,brm_041,,,
brw_176,2016-12-14,0.75,4,2016,12,51,brm_041,,,
brw_177,2016-12-21,0.75,4,2016,12,52,brm_041,,,
brw_178,2016-12-28,0.75,4,2016,12,53,brm_041,,,
brw_179,2017-01-04,0.75,1,2017,1,1,brm_042,,,
brw_180,2017-01-11,0.75,1,2017,1,2,brm_042,,,
brw_181,2017-01-18,0.75,1,2017,1,3,brm_042,,,
brw_182,2017-01-25,0.75,1,2017,1,4,brm_042,,,
brw_183,2017-02-01,0.75,1,2017,2,5,brm_043,,,
brw_184,2017-02-08,0.75,1,2017,2,6,brm_043,,,
brw_185,2017-02-15,0.75,1,2017,2,7,brm_043,,,
brw_186,2017-02-22,0.75,1,2017,2,8,brm_043,,,
brw_187,2017-03-01,0.75,1,2017,3,9,brm_044,,,
brw_188,2017-03-08,0.75,1,2017,3,10,brm_044,,,
brw_189,2017-03-15,0.75,1,2017,3,11,brm_044,,,
brw_190,2017-03-22,0.75,1,2017,3,12,brm_044,,,
brw_191,2017-03-29,0.75,1,2017,3,13,brm_044,,,
brw_192,2017-04-05,0.75,2,2017,4,14,brm_045,,,
brw_193,2017-04-12,0.75,2,2017,4,15,brm_045,,,
brw_194,2017-04-19,0.75,2,2017,4,16,brm_045,,,
brw_195,2017-04-26,0.75,2,2017,4,17,brm_045,,,
brw_196,2017-05-03,0.75,2,2017,5,18,brm_046,,,
brw_197,2017-05-10,0.75,2,2017,5,19,brm_046,,,
brw_198,2017-05-17,0.75,2,2017,5,20,brm_046,,,
brw_199,2017-05-24,0.75,2,2017,5,21,brm_046,,,
brw_200,2017-05-31,0.75,2,2017,5,22,brm_046,,,
brw_201,2017-06-07,0.75,2,2017,6,23,brm_047,,,
brw_202,2017-06-14,0.75,2,2017,6,24,brm_047,,,
brw_203,2017-06-21,0.75,2,2017,6,25,brm_047,,,
brw_204,2017-06-28,0.75,2,2017,6,26,brm_047,,,
brw_205,2017-07-05,0.75,3,2017,7,27,brm_048,,,
brw_206,2017-07-12,1,3,2017,7,28,brm_048,,,
brw_207,2017-07-19,1,3,2017,7,29,brm_048,,,
brw_208,2017-07-26,1,3,2017,7,30,brm_048,,,
brw_209,2017-08-02,1,3,2017,8,31,brm_049,,,
brw_210,2017-08-09,1,3,2017,8,32,brm_049,,,
brw_211,2017-08-16,1,3,2017,8,33,brm_049,,,
brw_212,2017-08-23,1,3,2017,8,34,brm_049,,,
brw_213,2017-08-30,1,3,2017,8,35,brm_049,,,
brw_214,2017-09-06,1.25,3,2017,9,36,brm_050,,,
brw_215,2017-09-13,1.25,3,2017,9,37,brm_050,,,
brw_216,2017-09-20,1.25,3,2017,9,38,brm_050,,,
brw_217,2017-09-27,1.25,3,2017,9,39,brm_050,,,
brw_218,2017-10-04,1.25,4,2017,10,40,brm_051,,,
brw_219,2017-10-11,1.25,4,2017,10,41,brm_051,,,
brw_220,2017-10-18,1.25,4,2017,10,42,brm_051,,,
brw_221,2017-10-25,1.25,4,2017,10,43,brm_051,,,
brw_222,2017-11-01,1.25,4,2017,11,44,brm_052,,,
brw_223,2017-11-08,1.25,4,2017,11,45,brm_052,,,
brw_224,2017-11-15,1.25,4,2017,11,46,brm_052,,,
brw_225,2017-11-22,1.25,4,2017,11,47,brm_052,,,
brw_226,2017-11-29,1.25,4,2017,11,48,brm_052,,,
brw_227,2017-12-06,1.25,4,2017,12,49,brm_053,,,
brw_228,2017-12-13,1.25,4,2017,12,50,brm_053,,,
brw_229,2017-12-20,1.25,4,2017,12,51,brm_053,,,
brw_230,2017-12-27,1.25,4,2017,12,52,brm_053,,,
brw_231,2018-01-03,1.25,1,2018,1,1,brm_054,,,
brw_232,2018-01-10,1.25,1,2018,1,2,brm_054,,,
brw_233,2018-01-17,1.5,1,2018,1,3,brm_054,,,
brw_234,2018-01-24,1.5,1,2018,1,4,brm_054,,,
brw_235,2018-01-31,1.5,1,2018,1,5,brm_054,,,
brw_236,2018-02-07,1.5,1,2018,2,6,brm_055,,,
brw_237,2018-02-14,1.5,1,2018,2,7,brm_055,,,
brw_238,2018-02-21,1.5,1,2018,2,8,brm_055,,,
brw_239,2018-02-28,1.5,1,2018,2,9,brm_055,,,
brw_240,2018-03-07,1.5,1,2018,3,10,brm_056,,,
brw_241,2018-03-14,1.5,1,2018,3,11,brm_056,,,
brw_242,2018-03-21,1.5,1,2018,3,12,brm_056,,,
brw_243,2018-03-28,1.5,1,2018,3,13,brm_056,,,
brw_244,2018-04-04,1.5,2,2018,4,14,brm_057,,,
brw_245,2018-04-11,1.5,2,2018,4,15,brm_057,,,
brw_246,2018-04-18,1.5,2,2018,4,16,brm_057,,,
brw_247,2018-04-25,1.5,2,2018,4,17,brm_057,,,
brw_248,2018-05-02,1.5,2,2018,5,18,brm_058,,,
brw_249,2018-05-09,1.5,2,2018,5,19,brm_058,,,
brw_250,2018-05-16,1.5,2,2018,5,20,brm_058,,,
brw_251,2018-05-23,1.5,2,2018,5,21,brm_058,,,
brw_252,2018-05-30,1.5,2,2018,5,22,brm_058,,,
brw_253,2018-06-06,1.5,2,2018,6,23,brm_059,,,
brw_254,2018-06-13,1.5,2,2018,6,24,brm_059,,,
brw_255,2018-06-20,1.5,2,2018,6,25,brm_059,,,
brw_256,2018-06-27,1.5,2,2018,6,26,brm_059,,,
brw_257,2018-07-04,1.5,3,2018,7,27,brm_060,,,
brw_258,2018-07-11,1.75,3,2018,7,28,brm_060,,,
brw_259,2018-07-18,1.75,3,2018,7,29,brm_060,,,
brw_260,2018-07-25,1.75,3,2018,7,30,brm_060,,,
brw_261,2018-08-01,1.75,3,2018,8,31,brm_061,,,
brw_262,2018-08-08,1.75,3,2018,8,32,brm_061,,,
brw_263,2018-08-15,1.75,3,2018,8,33,brm_061,,,
brw_264,2018-08-22,1.75,3,2018,8,34,brm_061,,,
brw_265,2018-08-29,1.75,3,2018,8,35,brm_061,,,
brw_266,2018-09-05,1.75,3,2018,9,36,brm_062,,,
brw_267,2018-09-12,1.75,3,2018,9,37,brm_062,,,
brw_268,2018-09-19,1.75,3,2018,9,38,brm_062,,,
brw_269,2018-09-26,1.75,3,2018,9,39,brm_062,,,
brw_270,2018-10-03,1.75,4,2018,10,40,brm_063,,,
brw_271,2018-10-10,1.75,4,2018,10,41,brm_063,,,
brw_272,2018-10-17,1.75,4,2018,10,42,brm_063,,,
brw_273,2018-10-24,2,4,2018,10,43,brm_063,,,
brw_274,2018-10-31,2,4,2018,10,44,brm_063,,,
brw_275,2018-11-07,2,4,2018,11,45,brm_064,,,
brw_276,2018-11-14,2,4,2018,11,46,brm_064,,,
brw_277,2018-11-21,2,4,2018,11,47,brm_064,,,
brw_278,2018-11-28,2,4,2018,11,48,brm_064,,,
brw_279,2018-12-05,2,4,2018,12,49,brm_065,,,
brw_280,2018-12-12,2,4,2018,12,50,brm_065,,,
brw_281,2018-12-19,2,4,2018,12,51,brm_065,,,
brw_282,2018-12-26,2,4,2018,12,52,brm_065,,,
brw_283,2019-01-02,2,1,2019,1,1,brm_066,,,
brw_284,2019-01-09,2,1,2019,1,2,brm_066,,,
brw_285,2019-01-16,2,1,2019,1,3,brm_066,,,
brw_286,2019-01-23,2,1,2019,1,4,brm_066,,,
brw_287,2019-01-30,2,1,2019,1,5,brm_066,,,
brw_288,2019-02-06,2,1,2019,2,6,brm_067,,,
brw_289,2019-02-13,2,1,2019,2,7,brm_067,,,
brw_290,2019-02-20,2,1,2019,2,8,brm_067,,,
brw_291,2019-02-27,2,1,2019,2,9,brm_067,,,
brw_292,2019-03-06,2,1,2019,3,10,brm_068,,,
brw_293,2019-03-13,2,1,2019,3,11,brm_068,,,
brw_294,2019-03-20,2,1,2019,3,12,brm_068,,,
brw_295,2019-03-27,2,1,2019,3,13,brm_068,,,
brw_296,2019-04-03,2,2,2019,4,14,brm_069,,,
brw_297,2019-04-10,2,2,2019,4,15,brm_069,,,
brw_298,2019-04-17,2,2,2019,4,16,brm_069,,,
brw_299,2019-04-24,2,2,2019,4,17,brm_069,,,
brw_300,2019-05-01,2,2,2019,5,18,brm_070,,,
brw_301,2019-05-08,2,2,2019,5,19,brm_070,,,
brw_302,2019-05-15,2,2,2019,5,20,brm_070,,,
brw_303,2019-05-22,2,2,2019,5,21,brm_070,,,
brw_304,2019-05-29,2,2,2019,5,22,brm_070,,,
brw_305,2019-06-05,2,2,2019,6,23,brm_071,,,
brw_306,2019-06-12,2,2,2019,6,24,brm_071,,,
brw_307,2019-06-19,2,2,2019,6,25,brm_071,,,
brw_308,2019-06-26,2,2,2019,6,26,brm_071,,,
brw_309,2019-07-03,2,3,2019,7,27,brm_072,,,
brw_310,2019-07-10,2,3,2019,7,28,brm_072,,,
brw_311,2019-07-17,2,3,2019,7,29,brm_072,,,
brw_312,2019-07-24,2,3,2019,7,30,brm_072,,,
brw_313,2019-07-31,2,3,2019,7,31,brm_072,,,
brw_314,2019-08-07,2,3,2019,8,32,brm_073,,,
brw_315,2019-08-14,2,3,2019,8,33,brm_073,,,
brw_316,2019-08-21,2,3,2019,8,34,brm_073,,,
brw_317,2019-08-28,2,3,2019,8,35,brm_073,,,
brw_318,2019-09-04,2,3,2019,9,36,brm_074,,,
brw_319,2019-09-11,2,3,2019,9,37,brm_074,,,
brw_320,2019-09-18,2,3,2019,9,38,brm_074,,,
brw_321,2019-09-25,2,3,2019,9,39,brm_074,,,
brw_322,2019-10-02,2,4,2019,10,40,brm_075,,,
brw_323,2019-10-09,2,4,2019,10,41,brm_075,,,
brw_324,2019-10-16,2,4,2019,10,42,brm_075,,,
brw_325,2019-10-23,2,4,2019,10,43,brm_075,,,
brw_326,2019-10-30,2,4,2019,10,44,brm_075,,,
brw_327,2019-11-06,2,4,2019,11,45,brm_076,,,
brw_328,2019-11-13,2,4,2019,11,46,brm_076,,,
brw_329,2019-11-20,2,4,2019,11,47,brm_076,,,
brw_330,2019-11-27,2,4,2019,11,48,brm_076,,,
brw_331,2019-12-04,2,4,2019,12,49,brm_077,,,
brw_332,2019-12-11,2,4,2019,12,50,brm_077,,,
brw_333,2019-12-18,2,4,2019,12,51,brm_077,,,
brw_334,2019-12-25,2,4,2019,12,52,brm_077,,,
brw_335,2020-01-01,2,1,2020,1,1,brm_078,,,
brw_336,2020-01-08,2,1,2020,1,2,brm_078,,,
brw_337,2020-01-15,2,1,2020,1,3,brm_078,,,
brw_338,2020-01-22,2,1,2020,1,4,brm_078,,,
brw_339,2020-01-29,2,1,2020,1,5,brm_078,,,
brw_340,2020-02-05,2,1,2020,2,6,brm_079,,,
brw_341,2020-02-12,2,1,2020,2,7,brm_079,,,
brw_342,2020-02-19,2,1,2020,2,8,brm_079,,,
brw_343,2020-02-26,2,1,2020,2,9,brm_079,,,
brw_344,2020-03-04,1.5,1,2020,3,10,brm_080,,,
brw_345,2020-03-11,1.5,1,2020,3,11,brm_080,,,
brw_346,2020-03-18,1,1,2020,3,12,brm_080,,,
brw_347,2020-03-25,1,1,2020,3,13,brm_080,,,
brw_348,2020-04-01,0.5,2,2020,4,14,brm_081,,,
brw_349,2020-04-08,0.5,2,2020,4,15,brm_081,,,
brw_350,2020-04-15,0.5,2,2020,4,16,brm_081,,,
brw_351,2020-04-22,0.5,2,2020,4,17,brm_081,,,
brw_352,2020-04-29,0.5,2,2020,4,18,brm_081,,,
brw_353,2020-05-06,0.5,2,2020,5,19,brm_082,,,
brw_354,2020-05-13,0.5,2,2020,5,20,brm_082,,,
brw_355,2020-05-20,0.5,2,2020,5,21,brm_082,,,
brw_356,2020-05-27,0.5,2,2020,5,22,brm_082,,,
brw_357,2020-06-03,0.5,2,2020,6,23,brm_083,,,
brw_358,2020-06-10,0.5,2,2020,6,24,brm_083,,,
brw_359,2020-06-17,0.5,2,2020,6,25,brm_083,,,
brw_360,2020-06-24,0.5,2,2020,6,26,brm_083,,,
brw_361,2020-07-01,0.5,3,2020,7,27,brm_084,,,
brw_362,2020-07-08,0.5,3,2020,7,28,brm_084,,,
brw_363,2020-07-15,0.5,3,2020,7,29,brm_084,,,
brw_364,2020-07-22,0.5,3,2020,7,30,brm_084,,,
brw_365,2020-07-29,0.5,3,2020,7,31,brm_084,,,
brw_366,2020-08-05,0.5,3,2020,8,32,brm_085,,,
brw_367,2020-08-12,0.5,3,2020,8,33,brm_085,,,
brw_368,2020-08-19,0.5,3,2020,8,34,brm_085,,,
brw_369,2020-08-26,0.5,3,2020,8,35,brm_085,,,
brw_370,2020-09-02,0.5,3,2020,9,36,brm_086,,,
brw_371,2020-09-09,0.5,3,2020,9,37,brm_086,,,
brw_372,2020-09-16,0.5,3,2020,9,38,brm_086,,,
brw_373,2020-09-23,0.5,3,2020,9,39,brm_086,,,
brw_374,2020-09-30,0.5,3,2020,9,40,brm_086,,,
brw_375,2020-10-07,0.5,4,2020,10,41,brm_087,,,
brw_376,2020-10-14,0.5,4,2020,10,42,brm_087,,,
brw_377,2020-10-21,0.5,4,2020,10,43,brm_087,,,
brw_378,2020-10-28,0.5,4,2020,10,44,brm_087,,,
brw_379,2020-11-04,0.5,4,2020,11,45,brm_088,,,
brw_380,2020-11-11,0.5,4,2020,11,46,brm_088,,,
brw_381,2020-11-18,0.5,4,2020,11,47,brm_088,,,
brw_382,2020-11-25,0.5,4,2020,11,48,brm_088,,,
brw_383,2020-12-02,0.5,4,2020,12,49,brm_089,,,
brw_384,2020-12-09,0.5,4,2020,12,50,brm_089,,,
brw_385,2020-12-16,0.5,4,2020,12,51,brm_089,,,
brw_386,2020-12-23,0.5,4,2020,12,52,brm_089,,,
brw_387,2020-12-30,0.5,4,2020,12,53,brm_089,,,
brw_388,2021-01-06,0.5,1,2021,1,2,brm_090,,,
brw_389,2021-01-13,0.5,1,2021,1,3,brm_090,,,
brw_390,2021-01-20,0.5,1,2021,1,4,brm_090,,,
brw_391,2021-01-27,0.5,1,2021,1,5,brm_090,,,
brw_392,2021-02-03,0.5,1,2021,2,6,brm_091,,,
brw_393,2021-02-10,0.5,1,2021,2,7,brm_091,,,
brw_394,2021-02-17,0.5,1,2021,2,8,brm_091,,,
brw_395,2021-02-24,0.5,1,2021,2,9,brm_091,,,
brw_396,2021-03-03,0.5,1,2021,3,10,brm_092,,,
brw_397,2021-03-10,0.5,1,2021,3,11,brm_092,,,
brw_398,2021-03-17,0.5,1,2021,3,12,brm_092,,,
brw_399,2021-03-24,0.5,1,2021,3,13,brm_092,,,
brw_400,2021-03-31,0.5,1,2021,3,14,brm_092,,,
brw_401,2021-04-07,0.5,2,2021,4,15,brm_093,,,
brw_402,2021-04-14,0.5,2,2021,4,16,brm_093,,,
brw_403,2021-04-21,0.5,2,2021,4,17,brm_093,,,
brw_404,2021-04-28,0.5,2,2021,4,18,brm_093,,,
brw_405,2021-05-05,0.5,2,2021,5,19,brm_094,,,
brw_406,2021-05-12,0.5,2,2021,5,20,brm_094,,,
brw_407,2021-05-19,0.5,2,2021,5,21,brm_094,,,
brw_408,2021-05-26,0.5,2,2021,5,22,brm_094,,,
brw_409,2021-06-02,0.5,2,2021,6,23,brm_095,,,
brw_410,2021-06-09,0.5,2,2021,6,24,brm_095,,,
brw_411,2021-06-16,0.5,2,2021,6,25,brm_095,,,
brw_412,2021-06-23,0.5,2,2021,6,26,brm_095,,,
brw_413,2021-06-30,0.5,2,2021,6,27,brm_095,,,
brw_414,2021-07-07,0.5,3,2021,7,28,brm_096,,,
brw_415,2021-07-14,0.5,3,2021,7,29,brm_096,,,
brw_416,2021-07-21,0.5,3,2021,7,30,brm_096,,,
brw_417,2021-07-28,0.5,3,2021,7,31,brm_096,,,
brw_418,2021-08-04,0.5,3,2021,8,32,brm_097,,,
brw_419,2021-08-11,0.5,3,2021,8,33,brm_097,,,
brw_420,2021-08-18,0.5,3,2021,8,34,brm_097,,,
brw_421,2021-08-25,0.5,3,2021,8,35,brm_097,,,
brw_422,2021-09-01,0.5,3,2021,9,36,brm_098,,,
brw_423,2021-09-08,0.5,3,2021,9,37,brm_098,,,
brw_424,2021-09-15,0.5,3,2021,9,38,brm_098,,,
brw_425,2021-09-22,0.5,3,2021,9,39,brm_098,,,
brw_426,2021-09-29,0.5,3,2021,9,40,brm_098,,,
brw_427,2021-10-06,0.5,4,2021,10,41,brm_099,,,
brw_428,2021-10-13,0.5,4,2021,10,42,brm_099,,,
brw_429,2021-10-20,0.5,4,2021,10,43,brm_099,,,
brw_430,2021-10-27,0.5,4,2021,10,44,brm_099,,,
brw_431,2021-11-03,0.5,4,2021,11,45,brm_100,,,
brw_432,2021-11-10,0.5,4,2021,11,46,brm_100,,,
brw_433,2021-11-17,0.5,4,2021,11,47,brm_100,,,
brw_434,2021-11-24,0.5,4,2021,11,48,brm_100,,,
brw_435,2021-12-01,0.5,4,2021,12,49,brm_101,,,
brw_436,2021-12-08,0.5,4,2021,12,50,brm_101,,,
brw_437,2021-12-15,0.5,4,2021,12,51,brm_101,,,
brw_438,2021-12-22,0.5,4,2021,12,52,brm_101,,,
brw_439,2021-12-29,0.5,4,2021,12,53,brm_101,,,
brw_440,2022-01-05,0.5,1,2022,1,2,brm_102,,,
brw_441,2022-01-12,0.5,1,2022,1,3,brm_102,,,
brw_442,2022-01-19,0.5,1,2022,1,4,brm_102,,,
brw_443,2022-01-26,0.5,1,2022,1,5,brm_102,,,
brw_444,2022-02-02,0.5,1,2022,2,6,brm_103,,,
brw_445,2022-02-09,0.5,1,2022,2,7,brm_103,,,
brw_446,2022-02-16,0.5,1,2022,2,8,brm_103,,,
brw_447,2022-02-23,0.5,1,2022,2,9,brm_103,,,
brw_448,2022-03-02,0.5,1,2022,3,10,brm_104,,,
brw_449,2022-03-09,0.75,1,2022,3,11,brm_104,,,
brw_450,2022-03-16,0.75,1,2022,3,12,brm_104,,,
brw_451,2022-03-23,0.75,1,2022,3,13,brm_104,,,
brw_452,2022-03-30,0.75,1,2022,3,14,brm_104,,,
brw_453,2022-04-06,0.75,2,2022,4,15,brm_105,,,
brw_454,2022-04-13,0.75,2,2022,4,16,brm_105,,,
brw_455,2022-04-20,1.25,2,2022,4,17,brm_105,,,
brw_456,2022-04-27,1.25,2,2022,4,18,brm_105,,,
brw_457,2022-05-04,1.25,2,2022,5,19,brm_106,,,
brw_458,2022-05-11,1.25,2,2022,5,20,brm_106,,,
brw_459,2022-05-18,1.25,2,2022,5,21,brm_106,,,
brw_460,2022-05-25,1.25,2,2022,5,22,brm_106,,,
brw_461,2022-06-01,1.25,2,2022,6,23,brm_107,,,
brw_462,2022-06-08,1.75,2,2022,6,24,brm_107,,,
brw_463,2022-06-15,1.75,2,2022,6,25,brm_107,,,
brw_464,2022-06-22,1.75,2,2022,6,26,brm_107,,,
brw_465,2022-06-29,1.75,2,2022,6,27,brm_107,,,
brw_466,2022-07-06,1.75,3,2022,7,28,brm_108,,,
brw_467,2022-07-13,1.75,3,2022,7,29,brm_108,,,
brw_468,2022-07-20,2.75,3,2022,7,30,brm_108,,,
brw_469,2022-07-27,2.75,3,2022,7,31,brm_108,,,
brw_470,2022-08-03,2.75,3,2022,8,32,brm_109,,,
brw_471,2022-08-10,2.75,3,2022,8,33,brm_109,,,
brw_472,2022-08-17,2.75,3,2022,8,34,brm_109,,,
brw_473,2022-08-24,2.75,3,2022,8,35,brm_109,,,
brw_474,2022-08-31,2.75,3,2022,8,36,brm_109,,,
brw_475,2022-09-07,2.75,3,2022,9,37,brm_110,,,
brw_476,2022-09-14,3.5,3,2022,9,38,brm_110,,,
brw_477,2022-09-21,3.5,3,2022,9,39,brm_110,,,
brw_478,2022-09-28,3.5,3,2022,9,40,brm_110,,,
brw_479,2022-10-05,3.5,4,2022,10,41,brm_111,,,
brw_480,2022-10-12,3.5,4,2022,10,42,brm_111,,,
brw_481,2022-10-19,3.5,4,2022,10,43,brm_111,,,
brw_482,2022-10-26,3.5,4,2022,10,44,brm_111,,,
brw_483,2022-11-02,4,4,2022,11,45,brm_112,,,
brw_484,2022-11-09,4,4,2022,11,46,brm_112,,,
brw_485,2022-11-16,4,4,2022,11,47,brm_112,,,
brw_486,2022-11-23,4,4,2022,11,48,brm_112,,,
brw_487,2022-11-30,4,4,2022,11,49,brm_112,,,
brw_488,2022-12-07,4,4,2022,12,50,brm_113,,,
brw_489,2022-12-14,4.5,4,2022,12,51,brm_113,,,
brw_490,2022-12-21,4.5,4,2022,12,52,brm_113,,,
brw_491,2022-12-28,4.5,4,2022,12,53,brm_113,,,
brw_492,2023-01-04,4.5,1,2023,1,1,brm_114,,,
