Create Database KB_Portfolio_RE_Analysis;

use KB_Portfolio_RE_Analysis;

-- MySQL dump 10.13  Distrib 8.0.31, for Win64 (x86_64)
--
-- Host: localhost    Database: brainstation_project_alt
-- ------------------------------------------------------
-- Server version	8.0.31

/*!40101 SET @OLD_CHARACTER_SET_CLIENT=@@CHARACTER_SET_CLIENT */;
/*!40101 SET @OLD_CHARACTER_SET_RESULTS=@@CHARACTER_SET_RESULTS */;
/*!40101 SET @OLD_COLLATION_CONNECTION=@@COLLATION_CONNECTION */;
/*!50503 SET NAMES utf8mb4 */;
/*!40103 SET @OLD_TIME_ZONE=@@TIME_ZONE */;
/*!40103 SET TIME_ZONE='+00:00' */;
/*!40014 SET @OLD_UNIQUE_CHECKS=@@UNIQUE_CHECKS, UNIQUE_CHECKS=0 */;
/*!40014 SET @OLD_FOREIGN_KEY_CHECKS=@@FOREIGN_KEY_CHECKS, FOREIGN_KEY_CHECKS=0 */;
/*!40101 SET @OLD_SQL_MODE=@@SQL_MODE, SQL_MODE='NO_AUTO_VALUE_ON_ZERO' */;
/*!40111 SET @OLD_SQL_NOTES=@@SQL_NOTES, SQL_NOTES=0 */;

--
-- Table structure for table `bank_rate_monthly`
--

DROP TABLE IF EXISTS `bank_rate_monthly`;
/*!40101 SET @saved_cs_client     = @@character_set_client */;
/*!50503 SET character_set_client = utf8mb4 */;
CREATE TABLE `bank_rate_monthly` (
  `id` varchar(10) NOT NULL,
  `date` date NOT NULL,
  `bank_rate` double DEFAULT NULL,
  `quarter` int DEFAULT NULL,
  `year` int DEFAULT NULL,
  `month` int DEFAULT NULL,
  `inf_lookup` varchar(10) DEFAULT NULL,
  PRIMARY KEY (`id`)
) ENGINE=InnoDB DEFAULT CHARSET=utf8mb4 COLLATE=utf8mb4_0900_ai_ci;
/*!40101 SET character_set_client = @saved_cs_client */;

--
-- Dumping data for table `bank_rate_monthly`
--

LOCK TABLES `bank_rate_monthly` WRITE;
/*!40000 ALTER TABLE `bank_rate_monthly` DISABLE KEYS */;
INSERT INTO `bank_rate_monthly` VALUES ('brm_001','2013-08-01',1.25,3,2013,8,'inf_001'),('brm_002','2013-09-01',1.25,3,2013,9,'inf_001'),('brm_003','2013-10-01',1.25,4,2013,10,'inf_002'),('brm_004','2013-11-01',1.25,4,2013,11,'inf_002'),('brm_005','2013-12-01',1.25,4,2013,12,'inf_002'),('brm_006','2014-01-01',1.25,1,2014,1,'inf_003'),('brm_007','2014-02-01',1.25,1,2014,2,'inf_003'),('brm_008','2014-03-01',1.25,1,2014,3,'inf_003'),('brm_009','2014-04-01',1.25,2,2014,4,'inf_004'),('brm_010','2014-05-01',1.25,2,2014,5,'inf_004'),('brm_011','2014-06-01',1.25,2,2014,6,'inf_004'),('brm_012','2014-07-01',1.25,3,2014,7,'inf_005'),('brm_013','2014-08-01',1.25,3,2014,8,'inf_005'),('brm_014','2014-09-01',1.25,3,2014,9,'inf_005'),('brm_015','2014-10-01',1.25,4,2014,10,'inf_006'),('brm_016','2014-11-01',1.25,4,2014,11,'inf_006'),('brm_017','2014-12-01',1.25,4,2014,12,'inf_006'),('brm_018','2015-01-01',1,1,2015,1,'inf_007'),('brm_019','2015-02-01',1,1,2015,2,'inf_007'),('brm_020','2015-03-01',1,1,2015,3,'inf_007'),('brm_021','2015-04-01',1,2,2015,4,'inf_008'),('brm_022','2015-05-01',1,2,2015,5,'inf_008'),('brm_023','2015-06-01',1,2,2015,6,'inf_008'),('brm_024','2015-07-01',0.75,3,2015,7,'inf_009'),('brm_025','2015-08-01',0.75,3,2015,8,'inf_009'),('brm_026','2015-09-01',0.75,3,2015,9,'inf_009'),('brm_027','2015-10-01',0.75,4,2015,10,'inf_010'),('brm_028','2015-11-01',0.75,4,2015,11,'inf_010'),('brm_029','2015-12-01',0.75,4,2015,12,'inf_010'),('brm_030','2016-01-01',0.75,1,2016,1,'inf_011'),('brm_031','2016-02-01',0.75,1,2016,2,'inf_011'),('brm_032','2016-03-01',0.75,1,2016,3,'inf_011'),('brm_033','2016-04-01',0.75,2,2016,4,'inf_012'),('brm_034','2016-05-01',0.75,2,2016,5,'inf_012'),('brm_035','2016-06-01',0.75,2,2016,6,'inf_012'),('brm_036','2016-07-01',0.75,3,2016,7,'inf_013'),('brm_037','2016-08-01',0.75,3,2016,8,'inf_013'),('brm_038','2016-09-01',0.75,3,2016,9,'inf_013'),('brm_039','2016-10-01',0.75,4,2016,10,'inf_014'),('brm_040','2016-11-01',0.75,4,2016,11,'inf_014'),('brm_041','2016-12-01',0.75,4,2016,12,'inf_014'),('brm_042','2017-01-01',0.75,1,2017,1,'inf_015'),('brm_043','2017-02-01',0.75,1,2017,2,'inf_015'),('brm_044','2017-03-01',0.75,1,2017,3,'inf_015'),('brm_045','2017-04-01',0.75,2,2017,4,'inf_016'),('brm_046','2017-05-01',0.75,2,2017,5,'inf_016'),('brm_047','2017-06-01',0.75,2,2017,6,'inf_016'),('brm_048','2017-07-01',1,3,2017,7,'inf_017'),('brm_049','2017-08-01',1,3,2017,8,'inf_017'),('brm_050','2017-09-01',1.25,3,2017,9,'inf_017'),('brm_051','2017-10-01',1.25,4,2017,10,'inf_018'),('brm_052','2017-11-01',1.25,4,2017,11,'inf_018'),('brm_053','2017-12-01',1.25,4,2017,12,'inf_018'),('brm_054','2018-01-01',1.5,1,2018,1,'inf_019'),('brm_055','2018-02-01',1.5,1,2018,2,'inf_019'),('brm_056','2018-03-01',1.5,1,2018,3,'inf_019'),('brm_057','2018-04-01',1.5,2,2018,4,'inf_020'),('brm_058','2018-05-01',1.5,2,2018,5,'inf_020'),('brm_059','2018-06-01',1.5,2,2018,6,'inf_020'),('brm_060','2018-07-01',1.75,3,2018,7,'inf_021'),('brm_061','2018-08-01',1.75,3,2018,8,'inf_021'),('brm_062','2018-09-01',1.75,3,2018,9,'inf_021'),('brm_063','2018-10-01',2,4,2018,10,'inf_022'),('brm_064','2018-11-01',2,4,2018,11,'inf_022'),('brm_065','2018-12-01',2,4,2018,12,'inf_022'),('brm_066','2019-01-01',2,1,2019,1,'inf_023'),('brm_067','2019-02-01',2,1,2019,2,'inf_023'),('brm_068','2019-03-01',2,1,2019,3,'inf_023'),('brm_069','2019-04-01',2,2,2019,4,'inf_024'),('brm_070','2019-05-01',2,2,2019,5,'inf_024'),('brm_071','2019-06-01',2,2,2019,6,'inf_024'),('brm_072','2019-07-01',2,3,2019,7,'inf_025'),('brm_073','2019-08-01',2,3,2019,8,'inf_025'),('brm_074','2019-09-01',2,3,2019,9,'inf_025'),('brm_075','2019-10-01',2,4,2019,10,'inf_026'),('brm_076','2019-11-01',2,4,2019,11,'inf_026'),('brm_077','2019-12-01',2,4,2019,12,'inf_026'),('brm_078','2020-01-01',2,1,2020,1,'inf_027'),('brm_079','2020-02-01',2,1,2020,2,'inf_027'),('brm_080','2020-03-01',1,1,2020,3,'inf_027'),('brm_081','2020-04-01',0.5,2,2020,4,'inf_028'),('brm_082','2020-05-01',0.5,2,2020,5,'inf_028'),('brm_083','2020-06-01',0.5,2,2020,6,'inf_028'),('brm_084','2020-07-01',0.5,3,2020,7,'inf_029'),('brm_085','2020-08-01',0.5,3,2020,8,'inf_029'),('brm_086','2020-09-01',0.5,3,2020,9,'inf_029'),('brm_087','2020-10-01',0.5,4,2020,10,'inf_030'),('brm_088','2020-11-01',0.5,4,2020,11,'inf_030'),('brm_089','2020-12-01',0.5,4,2020,12,'inf_030'),('brm_090','2021-01-01',0.5,1,2021,1,'inf_031'),('brm_091','2021-02-01',0.5,1,2021,2,'inf_031'),('brm_092','2021-03-01',0.5,1,2021,3,'inf_031'),('brm_093','2021-04-01',0.5,2,2021,4,'inf_032'),('brm_094','2021-05-01',0.5,2,2021,5,'inf_032'),('brm_095','2021-06-01',0.5,2,2021,6,'inf_032'),('brm_096','2021-07-01',0.5,3,2021,7,'inf_033'),('brm_097','2021-08-01',0.5,3,2021,8,'inf_033'),('brm_098','2021-09-01',0.5,3,2021,9,'inf_033'),('brm_099','2021-10-01',0.5,4,2021,10,'inf_034'),('brm_100','2021-11-01',0.5,4,2021,11,'inf_034'),('brm_101','2021-12-01',0.5,4,2021,12,'inf_034'),('brm_102','2022-01-01',0.5,1,2022,1,'inf_035'),('brm_103','2022-02-01',0.5,1,2022,2,'inf_035'),('brm_104','2022-03-01',0.75,1,2022,3,'inf_035'),('brm_105','2022-04-01',1.25,2,2022,4,'inf_036'),('brm_106','2022-05-01',1.25,2,2022,5,'inf_036'),('brm_107','2022-06-01',1.75,2,2022,6,'inf_036'),('brm_108','2022-07-01',2.75,3,2022,7,'inf_037'),('brm_109','2022-08-01',2.75,3,2022,8,'inf_037'),('brm_110','2022-09-01',3.5,3,2022,9,'inf_037'),('brm_111','2022-10-01',3.5,4,2022,10,'inf_038'),('brm_112','2022-11-01',4,4,2022,11,'inf_038'),('brm_113','2022-12-01',4.5,4,2022,12,'inf_038'),('brm_114','2023-01-01',4.5,1,2023,1,'inf_039');
/*!40000 ALTER TABLE `bank_rate_monthly` ENABLE KEYS */;
UNLOCK TABLES;

--
-- Table structure for table `bank_rate_weekly`
--

DROP TABLE IF EXISTS `bank_rate_weekly`;
/*!40101 SET @saved_cs_client     = @@character_set_client */;
/*!50503 SET character_set_client = utf8mb4 */;
CREATE TABLE `bank_rate_weekly` (
  `id` varchar(10) NOT NULL,
  `date` date NOT NULL,
  `bank_rate` double DEFAULT NULL,
  `quarter` int DEFAULT NULL,
  `year` int DEFAULT NULL,
  `month` int DEFAULT NULL,
  `week_num` int DEFAULT NULL,
  `vmr_lookup` varchar(10) DEFAULT NULL,
  `brm_lookup` varchar(10) DEFAULT NULL,
  PRIMARY KEY (`id`)
) ENGINE=InnoDB DEFAULT CHARSET=utf8mb4 COLLATE=utf8mb4_0900_ai_ci;
/*!40101 SET character_set_client = @saved_cs_client */;

--
-- Dumping data for table `bank_rate_weekly`
--

LOCK TABLES `bank_rate_weekly` WRITE;
/*!40000 ALTER TABLE `bank_rate_weekly` DISABLE KEYS */;
INSERT INTO `bank_rate_weekly` VALUES ('brw_001','2013-08-07',1.25,3,2013,8,32,'vmr_001','brm_001'),('brw_002','2013-08-14',1.25,3,2013,8,33,'vmr_002','brm_001'),('brw_003','2013-08-21',1.25,3,2013,8,34,'vmr_003','brm_001'),('brw_004','2013-08-28',1.25,3,2013,8,35,'vmr_004','brm_001'),('brw_005','2013-09-04',1.25,3,2013,9,36,'vmr_005','brm_002'),('brw_006','2013-09-11',1.25,3,2013,9,37,'vmr_006','brm_002'),('brw_007','2013-09-18',1.25,3,2013,9,38,'vmr_007','brm_002'),('brw_008','2013-09-25',1.25,3,2013,9,39,'vmr_008','brm_002'),('brw_009','2013-10-02',1.25,4,2013,10,40,'vmr_009','brm_003'),('brw_010','2013-10-09',1.25,4,2013,10,41,'vmr_010','brm_003'),('brw_011','2013-10-16',1.25,4,2013,10,42,'vmr_011','brm_003'),('brw_012','2013-10-23',1.25,4,2013,10,43,'vmr_012','brm_003'),('brw_013','2013-10-30',1.25,4,2013,10,44,'vmr_013','brm_003'),('brw_014','2013-11-06',1.25,4,2013,11,45,'vmr_014','brm_004'),('brw_015','2013-11-13',1.25,4,2013,11,46,'vmr_015','brm_004'),('brw_016','2013-11-20',1.25,4,2013,11,47,'vmr_016','brm_004'),('brw_017','2013-11-27',1.25,4,2013,11,48,'vmr_017','brm_004'),('brw_018','2013-12-04',1.25,4,2013,12,49,'vmr_018','brm_005'),('brw_019','2013-12-11',1.25,4,2013,12,50,'vmr_019','brm_005'),('brw_020','2013-12-18',1.25,4,2013,12,51,'vmr_020','brm_005'),('brw_021','2013-12-25',1.25,4,2013,12,52,'vmr_021','brm_005'),('brw_022','2014-01-01',1.25,1,2014,1,1,'vmr_022','brm_006'),('brw_023','2014-01-08',1.25,1,2014,1,2,'vmr_023','brm_006'),('brw_024','2014-01-15',1.25,1,2014,1,3,'vmr_024','brm_006'),('brw_025','2014-01-22',1.25,1,2014,1,4,'vmr_025','brm_006'),('brw_026','2014-01-29',1.25,1,2014,1,5,'vmr_026','brm_006'),('brw_027','2014-02-05',1.25,1,2014,2,6,'vmr_027','brm_007'),('brw_028','2014-02-12',1.25,1,2014,2,7,'vmr_028','brm_007'),('brw_029','2014-02-19',1.25,1,2014,2,8,'vmr_029','brm_007'),('brw_030','2014-02-26',1.25,1,2014,2,9,'vmr_030','brm_007'),('brw_031','2014-03-05',1.25,1,2014,3,10,'vmr_031','brm_008'),('brw_032','2014-03-12',1.25,1,2014,3,11,'vmr_032','brm_008'),('brw_033','2014-03-19',1.25,1,2014,3,12,'vmr_033','brm_008'),('brw_034','2014-03-26',1.25,1,2014,3,13,'vmr_034','brm_008'),('brw_035','2014-04-02',1.25,2,2014,4,14,'vmr_035','brm_009'),('brw_036','2014-04-09',1.25,2,2014,4,15,'vmr_036','brm_009'),('brw_037','2014-04-16',1.25,2,2014,4,16,'vmr_037','brm_009'),('brw_038','2014-04-23',1.25,2,2014,4,17,'vmr_038','brm_009'),('brw_039','2014-04-30',1.25,2,2014,4,18,'vmr_039','brm_009'),('brw_040','2014-05-07',1.25,2,2014,5,19,'vmr_040','brm_010'),('brw_041','2014-05-14',1.25,2,2014,5,20,'vmr_041','brm_010'),('brw_042','2014-05-21',1.25,2,2014,5,21,'vmr_042','brm_010'),('brw_043','2014-05-28',1.25,2,2014,5,22,'vmr_043','brm_010'),('brw_044','2014-06-04',1.25,2,2014,6,23,'vmr_044','brm_011'),('brw_045','2014-06-11',1.25,2,2014,6,24,'vmr_045','brm_011'),('brw_046','2014-06-18',1.25,2,2014,6,25,'vmr_046','brm_011'),('brw_047','2014-06-25',1.25,2,2014,6,26,'vmr_047','brm_011'),('brw_048','2014-07-02',1.25,3,2014,7,27,'vmr_048','brm_012'),('brw_049','2014-07-09',1.25,3,2014,7,28,'vmr_049','brm_012'),('brw_050','2014-07-16',1.25,3,2014,7,29,'vmr_050','brm_012'),('brw_051','2014-07-23',1.25,3,2014,7,30,'vmr_051','brm_012'),('brw_052','2014-07-30',1.25,3,2014,7,31,'vmr_052','brm_012'),('brw_053','2014-08-06',1.25,3,2014,8,32,'vmr_053','brm_013'),('brw_054','2014-08-13',1.25,3,2014,8,33,'vmr_054','brm_013'),('brw_055','2014-08-20',1.25,3,2014,8,34,'vmr_055','brm_013'),('brw_056','2014-08-27',1.25,3,2014,8,35,'vmr_056','brm_013'),('brw_057','2014-09-03',1.25,3,2014,9,36,'vmr_057','brm_014'),('brw_058','2014-09-10',1.25,3,2014,9,37,'vmr_058','brm_014'),('brw_059','2014-09-17',1.25,3,2014,9,38,'vmr_059','brm_014'),('brw_060','2014-09-24',1.25,3,2014,9,39,'vmr_060','brm_014'),('brw_061','2014-10-01',1.25,4,2014,10,40,'vmr_061','brm_015'),('brw_062','2014-10-08',1.25,4,2014,10,41,'vmr_062','brm_015'),('brw_063','2014-10-15',1.25,4,2014,10,42,'vmr_063','brm_015'),('brw_064','2014-10-22',1.25,4,2014,10,43,'vmr_064','brm_015'),('brw_065','2014-10-29',1.25,4,2014,10,44,'vmr_065','brm_015'),('brw_066','2014-11-05',1.25,4,2014,11,45,'vmr_066','brm_016'),('brw_067','2014-11-12',1.25,4,2014,11,46,'vmr_067','brm_016'),('brw_068','2014-11-19',1.25,4,2014,11,47,'vmr_068','brm_016'),('brw_069','2014-11-26',1.25,4,2014,11,48,'vmr_069','brm_016'),('brw_070','2014-12-03',1.25,4,2014,12,49,'vmr_070','brm_017'),('brw_071','2014-12-10',1.25,4,2014,12,50,'vmr_071','brm_017'),('brw_072','2014-12-17',1.25,4,2014,12,51,'vmr_072','brm_017'),('brw_073','2014-12-24',1.25,4,2014,12,52,'vmr_073','brm_017'),('brw_074','2014-12-31',1.25,4,2014,12,53,'vmr_074','brm_017'),('brw_075','2015-01-07',1.25,1,2015,1,2,'vmr_075','brm_018'),('brw_076','2015-01-14',1.25,1,2015,1,3,'vmr_076','brm_018'),('brw_077','2015-01-21',1,1,2015,1,4,'vmr_077','brm_018'),('brw_078','2015-01-28',1,1,2015,1,5,'vmr_078','brm_018'),('brw_079','2015-02-04',1,1,2015,2,6,'vmr_079','brm_019'),('brw_080','2015-02-11',1,1,2015,2,7,'vmr_080','brm_019'),('brw_081','2015-02-18',1,1,2015,2,8,'vmr_081','brm_019'),('brw_082','2015-02-25',1,1,2015,2,9,'vmr_082','brm_019'),('brw_083','2015-03-04',1,1,2015,3,10,'vmr_083','brm_020'),('brw_084','2015-03-11',1,1,2015,3,11,'vmr_084','brm_020'),('brw_085','2015-03-18',1,1,2015,3,12,'vmr_085','brm_020'),('brw_086','2015-03-25',1,1,2015,3,13,'vmr_086','brm_020'),('brw_087','2015-04-01',1,2,2015,4,14,'vmr_087','brm_021'),('brw_088','2015-04-08',1,2,2015,4,15,'vmr_088','brm_021'),('brw_089','2015-04-15',1,2,2015,4,16,'vmr_089','brm_021'),('brw_090','2015-04-22',1,2,2015,4,17,'vmr_090','brm_021'),('brw_091','2015-04-29',1,2,2015,4,18,'vmr_091','brm_021'),('brw_092','2015-05-06',1,2,2015,5,19,'vmr_092','brm_022'),('brw_093','2015-05-13',1,2,2015,5,20,'vmr_093','brm_022'),('brw_094','2015-05-20',1,2,2015,5,21,'vmr_094','brm_022'),('brw_095','2015-05-27',1,2,2015,5,22,'vmr_095','brm_022'),('brw_096','2015-06-03',1,2,2015,6,23,'vmr_096','brm_023'),('brw_097','2015-06-10',1,2,2015,6,24,'vmr_097','brm_023'),('brw_098','2015-06-17',1,2,2015,6,25,'vmr_098','brm_023'),('brw_099','2015-06-24',1,2,2015,6,26,'vmr_099','brm_023'),('brw_100','2015-07-01',1,3,2015,7,27,'vmr_100','brm_024'),('brw_101','2015-07-08',1,3,2015,7,28,'vmr_101','brm_024'),('brw_102','2015-07-15',0.75,3,2015,7,29,'vmr_102','brm_024'),('brw_103','2015-07-22',0.75,3,2015,7,30,'vmr_103','brm_024'),('brw_104','2015-07-29',0.75,3,2015,7,31,'vmr_104','brm_024'),('brw_105','2015-08-05',0.75,3,2015,8,32,'vmr_105','brm_025'),('brw_106','2015-08-12',0.75,3,2015,8,33,'vmr_106','brm_025'),('brw_107','2015-08-19',0.75,3,2015,8,34,'vmr_107','brm_025'),('brw_108','2015-08-26',0.75,3,2015,8,35,'vmr_108','brm_025'),('brw_109','2015-09-02',0.75,3,2015,9,36,'vmr_109','brm_026'),('brw_110','2015-09-09',0.75,3,2015,9,37,'vmr_110','brm_026'),('brw_111','2015-09-16',0.75,3,2015,9,38,'vmr_111','brm_026'),('brw_112','2015-09-23',0.75,3,2015,9,39,'vmr_112','brm_026'),('brw_113','2015-09-30',0.75,3,2015,9,40,'vmr_113','brm_026'),('brw_114','2015-10-07',0.75,4,2015,10,41,'vmr_114','brm_027'),('brw_115','2015-10-14',0.75,4,2015,10,42,'vmr_115','brm_027'),('brw_116','2015-10-21',0.75,4,2015,10,43,'vmr_116','brm_027'),('brw_117','2015-10-28',0.75,4,2015,10,44,'vmr_117','brm_027'),('brw_118','2015-11-04',0.75,4,2015,11,45,'vmr_118','brm_028'),('brw_119','2015-11-11',0.75,4,2015,11,46,'vmr_119','brm_028'),('brw_120','2015-11-18',0.75,4,2015,11,47,'vmr_120','brm_028'),('brw_121','2015-11-25',0.75,4,2015,11,48,'vmr_121','brm_028'),('brw_122','2015-12-02',0.75,4,2015,12,49,'vmr_122','brm_029'),('brw_123','2015-12-09',0.75,4,2015,12,50,'vmr_123','brm_029'),('brw_124','2015-12-16',0.75,4,2015,12,51,'vmr_124','brm_029'),('brw_125','2015-12-23',0.75,4,2015,12,52,'vmr_125','brm_029'),('brw_126','2015-12-30',0.75,4,2015,12,53,'vmr_126','brm_029'),('brw_127','2016-01-06',0.75,1,2016,1,2,'vmr_127','brm_030'),('brw_128','2016-01-13',0.75,1,2016,1,3,'vmr_128','brm_030'),('brw_129','2016-01-20',0.75,1,2016,1,4,'vmr_129','brm_030'),('brw_130','2016-01-27',0.75,1,2016,1,5,'vmr_130','brm_030'),('brw_131','2016-02-03',0.75,1,2016,2,6,'vmr_131','brm_031'),('brw_132','2016-02-10',0.75,1,2016,2,7,'vmr_132','brm_031'),('brw_133','2016-02-17',0.75,1,2016,2,8,'vmr_133','brm_031'),('brw_134','2016-02-24',0.75,1,2016,2,9,'vmr_134','brm_031'),('brw_135','2016-03-02',0.75,1,2016,3,10,'vmr_135','brm_032'),('brw_136','2016-03-09',0.75,1,2016,3,11,'vmr_136','brm_032'),('brw_137','2016-03-16',0.75,1,2016,3,12,'vmr_137','brm_032'),('brw_138','2016-03-23',0.75,1,2016,3,13,'vmr_138','brm_032'),('brw_139','2016-03-30',0.75,1,2016,3,14,'vmr_139','brm_032'),('brw_140','2016-04-06',0.75,2,2016,4,15,'vmr_140','brm_033'),('brw_141','2016-04-13',0.75,2,2016,4,16,'vmr_141','brm_033'),('brw_142','2016-04-20',0.75,2,2016,4,17,'vmr_142','brm_033'),('brw_143','2016-04-27',0.75,2,2016,4,18,'vmr_143','brm_033'),('brw_144','2016-05-04',0.75,2,2016,5,19,'vmr_144','brm_034'),('brw_145','2016-05-11',0.75,2,2016,5,20,'vmr_145','brm_034'),('brw_146','2016-05-18',0.75,2,2016,5,21,'vmr_146','brm_034'),('brw_147','2016-05-25',0.75,2,2016,5,22,'vmr_147','brm_034'),('brw_148','2016-06-01',0.75,2,2016,6,23,'vmr_148','brm_035'),('brw_149','2016-06-08',0.75,2,2016,6,24,'vmr_149','brm_035'),('brw_150','2016-06-15',0.75,2,2016,6,25,'vmr_150','brm_035'),('brw_151','2016-06-22',0.75,2,2016,6,26,'vmr_151','brm_035'),('brw_152','2016-06-29',0.75,2,2016,6,27,'vmr_152','brm_035'),('brw_153','2016-07-06',0.75,3,2016,7,28,'vmr_153','brm_036'),('brw_154','2016-07-13',0.75,3,2016,7,29,'vmr_154','brm_036'),('brw_155','2016-07-20',0.75,3,2016,7,30,'vmr_155','brm_036'),('brw_156','2016-07-27',0.75,3,2016,7,31,'vmr_156','brm_036'),('brw_157','2016-08-03',0.75,3,2016,8,32,'vmr_157','brm_037'),('brw_158','2016-08-10',0.75,3,2016,8,33,'vmr_158','brm_037'),('brw_159','2016-08-17',0.75,3,2016,8,34,'vmr_159','brm_037'),('brw_160','2016-08-24',0.75,3,2016,8,35,'vmr_160','brm_037'),('brw_161','2016-08-31',0.75,3,2016,8,36,'vmr_161','brm_037'),('brw_162','2016-09-07',0.75,3,2016,9,37,'vmr_162','brm_038'),('brw_163','2016-09-14',0.75,3,2016,9,38,'vmr_163','brm_038'),('brw_164','2016-09-21',0.75,3,2016,9,39,'vmr_164','brm_038'),('brw_165','2016-09-28',0.75,3,2016,9,40,'vmr_165','brm_038'),('brw_166','2016-10-05',0.75,4,2016,10,41,'vmr_166','brm_039'),('brw_167','2016-10-12',0.75,4,2016,10,42,'vmr_167','brm_039'),('brw_168','2016-10-19',0.75,4,2016,10,43,'vmr_168','brm_039'),('brw_169','2016-10-26',0.75,4,2016,10,44,'vmr_169','brm_039'),('brw_170','2016-11-02',0.75,4,2016,11,45,'vmr_170','brm_040'),('brw_171','2016-11-09',0.75,4,2016,11,46,'vmr_171','brm_040'),('brw_172','2016-11-16',0.75,4,2016,11,47,'vmr_172','brm_040'),('brw_173','2016-11-23',0.75,4,2016,11,48,'vmr_173','brm_040'),('brw_174','2016-11-30',0.75,4,2016,11,49,'vmr_174','brm_040'),('brw_175','2016-12-07',0.75,4,2016,12,50,'vmr_175','brm_041'),('brw_176','2016-12-14',0.75,4,2016,12,51,'vmr_176','brm_041'),('brw_177','2016-12-21',0.75,4,2016,12,52,'vmr_177','brm_041'),('brw_178','2016-12-28',0.75,4,2016,12,53,'vmr_178','brm_041'),('brw_179','2017-01-04',0.75,1,2017,1,1,'vmr_179','brm_042'),('brw_180','2017-01-11',0.75,1,2017,1,2,'vmr_180','brm_042'),('brw_181','2017-01-18',0.75,1,2017,1,3,'vmr_181','brm_042'),('brw_182','2017-01-25',0.75,1,2017,1,4,'vmr_182','brm_042'),('brw_183','2017-02-01',0.75,1,2017,2,5,'vmr_183','brm_043'),('brw_184','2017-02-08',0.75,1,2017,2,6,'vmr_184','brm_043'),('brw_185','2017-02-15',0.75,1,2017,2,7,'vmr_185','brm_043'),('brw_186','2017-02-22',0.75,1,2017,2,8,'vmr_186','brm_043'),('brw_187','2017-03-01',0.75,1,2017,3,9,'vmr_187','brm_044'),('brw_188','2017-03-08',0.75,1,2017,3,10,'vmr_188','brm_044'),('brw_189','2017-03-15',0.75,1,2017,3,11,'vmr_189','brm_044'),('brw_190','2017-03-22',0.75,1,2017,3,12,'vmr_190','brm_044'),('brw_191','2017-03-29',0.75,1,2017,3,13,'vmr_191','brm_044'),('brw_192','2017-04-05',0.75,2,2017,4,14,'vmr_192','brm_045'),('brw_193','2017-04-12',0.75,2,2017,4,15,'vmr_193','brm_045'),('brw_194','2017-04-19',0.75,2,2017,4,16,'vmr_194','brm_045'),('brw_195','2017-04-26',0.75,2,2017,4,17,'vmr_195','brm_045'),('brw_196','2017-05-03',0.75,2,2017,5,18,'vmr_196','brm_046'),('brw_197','2017-05-10',0.75,2,2017,5,19,'vmr_197','brm_046'),('brw_198','2017-05-17',0.75,2,2017,5,20,'vmr_198','brm_046'),('brw_199','2017-05-24',0.75,2,2017,5,21,'vmr_199','brm_046'),('brw_200','2017-05-31',0.75,2,2017,5,22,'vmr_200','brm_046'),('brw_201','2017-06-07',0.75,2,2017,6,23,'vmr_201','brm_047'),('brw_202','2017-06-14',0.75,2,2017,6,24,'vmr_202','brm_047'),('brw_203','2017-06-21',0.75,2,2017,6,25,'vmr_203','brm_047'),('brw_204','2017-06-28',0.75,2,2017,6,26,'vmr_204','brm_047'),('brw_205','2017-07-05',0.75,3,2017,7,27,'vmr_205','brm_048'),('brw_206','2017-07-12',1,3,2017,7,28,'vmr_206','brm_048'),('brw_207','2017-07-19',1,3,2017,7,29,'vmr_207','brm_048'),('brw_208','2017-07-26',1,3,2017,7,30,'vmr_208','brm_048'),('brw_209','2017-08-02',1,3,2017,8,31,'vmr_209','brm_049'),('brw_210','2017-08-09',1,3,2017,8,32,'vmr_210','brm_049'),('brw_211','2017-08-16',1,3,2017,8,33,'vmr_211','brm_049'),('brw_212','2017-08-23',1,3,2017,8,34,'vmr_212','brm_049'),('brw_213','2017-08-30',1,3,2017,8,35,'vmr_213','brm_049'),('brw_214','2017-09-06',1.25,3,2017,9,36,'vmr_214','brm_050'),('brw_215','2017-09-13',1.25,3,2017,9,37,'vmr_215','brm_050'),('brw_216','2017-09-20',1.25,3,2017,9,38,'vmr_216','brm_050'),('brw_217','2017-09-27',1.25,3,2017,9,39,'vmr_217','brm_050'),('brw_218','2017-10-04',1.25,4,2017,10,40,'vmr_218','brm_051'),('brw_219','2017-10-11',1.25,4,2017,10,41,'vmr_219','brm_051'),('brw_220','2017-10-18',1.25,4,2017,10,42,'vmr_220','brm_051'),('brw_221','2017-10-25',1.25,4,2017,10,43,'vmr_221','brm_051'),('brw_222','2017-11-01',1.25,4,2017,11,44,'vmr_222','brm_052'),('brw_223','2017-11-08',1.25,4,2017,11,45,'vmr_223','brm_052'),('brw_224','2017-11-15',1.25,4,2017,11,46,'vmr_224','brm_052'),('brw_225','2017-11-22',1.25,4,2017,11,47,'vmr_225','brm_052'),('brw_226','2017-11-29',1.25,4,2017,11,48,'vmr_226','brm_052'),('brw_227','2017-12-06',1.25,4,2017,12,49,'vmr_227','brm_053'),('brw_228','2017-12-13',1.25,4,2017,12,50,'vmr_228','brm_053'),('brw_229','2017-12-20',1.25,4,2017,12,51,'vmr_229','brm_053'),('brw_230','2017-12-27',1.25,4,2017,12,52,'vmr_230','brm_053'),('brw_231','2018-01-03',1.25,1,2018,1,1,'vmr_231','brm_054'),('brw_232','2018-01-10',1.25,1,2018,1,2,'vmr_232','brm_054'),('brw_233','2018-01-17',1.5,1,2018,1,3,'vmr_233','brm_054'),('brw_234','2018-01-24',1.5,1,2018,1,4,'vmr_234','brm_054'),('brw_235','2018-01-31',1.5,1,2018,1,5,'vmr_235','brm_054'),('brw_236','2018-02-07',1.5,1,2018,2,6,'vmr_236','brm_055'),('brw_237','2018-02-14',1.5,1,2018,2,7,'vmr_237','brm_055'),('brw_238','2018-02-21',1.5,1,2018,2,8,'vmr_238','brm_055'),('brw_239','2018-02-28',1.5,1,2018,2,9,'vmr_239','brm_055'),('brw_240','2018-03-07',1.5,1,2018,3,10,'vmr_240','brm_056'),('brw_241','2018-03-14',1.5,1,2018,3,11,'vmr_241','brm_056'),('brw_242','2018-03-21',1.5,1,2018,3,12,'vmr_242','brm_056'),('brw_243','2018-03-28',1.5,1,2018,3,13,'vmr_243','brm_056'),('brw_244','2018-04-04',1.5,2,2018,4,14,'vmr_244','brm_057'),('brw_245','2018-04-11',1.5,2,2018,4,15,'vmr_245','brm_057'),('brw_246','2018-04-18',1.5,2,2018,4,16,'vmr_246','brm_057'),('brw_247','2018-04-25',1.5,2,2018,4,17,'vmr_247','brm_057'),('brw_248','2018-05-02',1.5,2,2018,5,18,'vmr_248','brm_058'),('brw_249','2018-05-09',1.5,2,2018,5,19,'vmr_249','brm_058'),('brw_250','2018-05-16',1.5,2,2018,5,20,'vmr_250','brm_058'),('brw_251','2018-05-23',1.5,2,2018,5,21,'vmr_251','brm_058'),('brw_252','2018-05-30',1.5,2,2018,5,22,'vmr_252','brm_058'),('brw_253','2018-06-06',1.5,2,2018,6,23,'vmr_253','brm_059'),('brw_254','2018-06-13',1.5,2,2018,6,24,'vmr_254','brm_059'),('brw_255','2018-06-20',1.5,2,2018,6,25,'vmr_255','brm_059'),('brw_256','2018-06-27',1.5,2,2018,6,26,'vmr_256','brm_059'),('brw_257','2018-07-04',1.5,3,2018,7,27,'vmr_257','brm_060'),('brw_258','2018-07-11',1.75,3,2018,7,28,'vmr_258','brm_060'),('brw_259','2018-07-18',1.75,3,2018,7,29,'vmr_259','brm_060'),('brw_260','2018-07-25',1.75,3,2018,7,30,'vmr_260','brm_060'),('brw_261','2018-08-01',1.75,3,2018,8,31,'vmr_261','brm_061'),('brw_262','2018-08-08',1.75,3,2018,8,32,'vmr_262','brm_061'),('brw_263','2018-08-15',1.75,3,2018,8,33,'vmr_263','brm_061'),('brw_264','2018-08-22',1.75,3,2018,8,34,'vmr_264','brm_061'),('brw_265','2018-08-29',1.75,3,2018,8,35,'vmr_265','brm_061'),('brw_266','2018-09-05',1.75,3,2018,9,36,'vmr_266','brm_062'),('brw_267','2018-09-12',1.75,3,2018,9,37,'vmr_267','brm_062'),('brw_268','2018-09-19',1.75,3,2018,9,38,'vmr_268','brm_062'),('brw_269','2018-09-26',1.75,3,2018,9,39,'vmr_269','brm_062'),('brw_270','2018-10-03',1.75,4,2018,10,40,'vmr_270','brm_063'),('brw_271','2018-10-10',1.75,4,2018,10,41,'vmr_271','brm_063'),('brw_272','2018-10-17',1.75,4,2018,10,42,'vmr_272','brm_063'),('brw_273','2018-10-24',2,4,2018,10,43,'vmr_273','brm_063'),('brw_274','2018-10-31',2,4,2018,10,44,'vmr_274','brm_063'),('brw_275','2018-11-07',2,4,2018,11,45,'vmr_275','brm_064'),('brw_276','2018-11-14',2,4,2018,11,46,'vmr_276','brm_064'),('brw_277','2018-11-21',2,4,2018,11,47,'vmr_277','brm_064'),('brw_278','2018-11-28',2,4,2018,11,48,'vmr_278','brm_064'),('brw_279','2018-12-05',2,4,2018,12,49,'vmr_279','brm_065'),('brw_280','2018-12-12',2,4,2018,12,50,'vmr_280','brm_065'),('brw_281','2018-12-19',2,4,2018,12,51,'vmr_281','brm_065'),('brw_282','2018-12-26',2,4,2018,12,52,'vmr_282','brm_065'),('brw_283','2019-01-02',2,1,2019,1,1,'vmr_283','brm_066'),('brw_284','2019-01-09',2,1,2019,1,2,'vmr_284','brm_066'),('brw_285','2019-01-16',2,1,2019,1,3,'vmr_285','brm_066'),('brw_286','2019-01-23',2,1,2019,1,4,'vmr_286','brm_066'),('brw_287','2019-01-30',2,1,2019,1,5,'vmr_287','brm_066'),('brw_288','2019-02-06',2,1,2019,2,6,'vmr_288','brm_067'),('brw_289','2019-02-13',2,1,2019,2,7,'vmr_289','brm_067'),('brw_290','2019-02-20',2,1,2019,2,8,'vmr_290','brm_067'),('brw_291','2019-02-27',2,1,2019,2,9,'vmr_291','brm_067'),('brw_292','2019-03-06',2,1,2019,3,10,'vmr_292','brm_068'),('brw_293','2019-03-13',2,1,2019,3,11,'vmr_293','brm_068'),('brw_294','2019-03-20',2,1,2019,3,12,'vmr_294','brm_068'),('brw_295','2019-03-27',2,1,2019,3,13,'vmr_295','brm_068'),('brw_296','2019-04-03',2,2,2019,4,14,'vmr_296','brm_069'),('brw_297','2019-04-10',2,2,2019,4,15,'vmr_297','brm_069'),('brw_298','2019-04-17',2,2,2019,4,16,'vmr_298','brm_069'),('brw_299','2019-04-24',2,2,2019,4,17,'vmr_299','brm_069'),('brw_300','2019-05-01',2,2,2019,5,18,'vmr_300','brm_070'),('brw_301','2019-05-08',2,2,2019,5,19,'vmr_301','brm_070'),('brw_302','2019-05-15',2,2,2019,5,20,'vmr_302','brm_070'),('brw_303','2019-05-22',2,2,2019,5,21,'vmr_303','brm_070'),('brw_304','2019-05-29',2,2,2019,5,22,'vmr_304','brm_070'),('brw_305','2019-06-05',2,2,2019,6,23,'vmr_305','brm_071'),('brw_306','2019-06-12',2,2,2019,6,24,'vmr_306','brm_071'),('brw_307','2019-06-19',2,2,2019,6,25,'vmr_307','brm_071'),('brw_308','2019-06-26',2,2,2019,6,26,'vmr_308','brm_071'),('brw_309','2019-07-03',2,3,2019,7,27,'vmr_309','brm_072'),('brw_310','2019-07-10',2,3,2019,7,28,'vmr_310','brm_072'),('brw_311','2019-07-17',2,3,2019,7,29,'vmr_311','brm_072'),('brw_312','2019-07-24',2,3,2019,7,30,'vmr_312','brm_072'),('brw_313','2019-07-31',2,3,2019,7,31,'vmr_313','brm_072'),('brw_314','2019-08-07',2,3,2019,8,32,'vmr_314','brm_073'),('brw_315','2019-08-14',2,3,2019,8,33,'vmr_315','brm_073'),('brw_316','2019-08-21',2,3,2019,8,34,'vmr_316','brm_073'),('brw_317','2019-08-28',2,3,2019,8,35,'vmr_317','brm_073'),('brw_318','2019-09-04',2,3,2019,9,36,'vmr_318','brm_074'),('brw_319','2019-09-11',2,3,2019,9,37,'vmr_319','brm_074'),('brw_320','2019-09-18',2,3,2019,9,38,'vmr_320','brm_074'),('brw_321','2019-09-25',2,3,2019,9,39,'vmr_321','brm_074'),('brw_322','2019-10-02',2,4,2019,10,40,'vmr_322','brm_075'),('brw_323','2019-10-09',2,4,2019,10,41,'vmr_323','brm_075'),('brw_324','2019-10-16',2,4,2019,10,42,'vmr_324','brm_075'),('brw_325','2019-10-23',2,4,2019,10,43,'vmr_325','brm_075'),('brw_326','2019-10-30',2,4,2019,10,44,'vmr_326','brm_075'),('brw_327','2019-11-06',2,4,2019,11,45,'vmr_327','brm_076'),('brw_328','2019-11-13',2,4,2019,11,46,'vmr_328','brm_076'),('brw_329','2019-11-20',2,4,2019,11,47,'vmr_329','brm_076'),('brw_330','2019-11-27',2,4,2019,11,48,'vmr_330','brm_076'),('brw_331','2019-12-04',2,4,2019,12,49,'vmr_331','brm_077'),('brw_332','2019-12-11',2,4,2019,12,50,'vmr_332','brm_077'),('brw_333','2019-12-18',2,4,2019,12,51,'vmr_333','brm_077'),('brw_334','2019-12-25',2,4,2019,12,52,'vmr_334','brm_077'),('brw_335','2020-01-01',2,1,2020,1,1,'vmr_335','brm_078'),('brw_336','2020-01-08',2,1,2020,1,2,'vmr_336','brm_078'),('brw_337','2020-01-15',2,1,2020,1,3,'vmr_337','brm_078'),('brw_338','2020-01-22',2,1,2020,1,4,'vmr_338','brm_078'),('brw_339','2020-01-29',2,1,2020,1,5,'vmr_339','brm_078'),('brw_340','2020-02-05',2,1,2020,2,6,'vmr_340','brm_079'),('brw_341','2020-02-12',2,1,2020,2,7,'vmr_341','brm_079'),('brw_342','2020-02-19',2,1,2020,2,8,'vmr_342','brm_079'),('brw_343','2020-02-26',2,1,2020,2,9,'vmr_343','brm_079'),('brw_344','2020-03-04',1.5,1,2020,3,10,'vmr_344','brm_080'),('brw_345','2020-03-11',1.5,1,2020,3,11,'vmr_345','brm_080'),('brw_346','2020-03-18',1,1,2020,3,12,'vmr_346','brm_080'),('brw_347','2020-03-25',1,1,2020,3,13,'vmr_347','brm_080'),('brw_348','2020-04-01',0.5,2,2020,4,14,'vmr_348','brm_081'),('brw_349','2020-04-08',0.5,2,2020,4,15,'vmr_349','brm_081'),('brw_350','2020-04-15',0.5,2,2020,4,16,'vmr_350','brm_081'),('brw_351','2020-04-22',0.5,2,2020,4,17,'vmr_351','brm_081'),('brw_352','2020-04-29',0.5,2,2020,4,18,'vmr_352','brm_081'),('brw_353','2020-05-06',0.5,2,2020,5,19,'vmr_353','brm_082'),('brw_354','2020-05-13',0.5,2,2020,5,20,'vmr_354','brm_082'),('brw_355','2020-05-20',0.5,2,2020,5,21,'vmr_355','brm_082'),('brw_356','2020-05-27',0.5,2,2020,5,22,'vmr_356','brm_082'),('brw_357','2020-06-03',0.5,2,2020,6,23,'vmr_357','brm_083'),('brw_358','2020-06-10',0.5,2,2020,6,24,'vmr_358','brm_083'),('brw_359','2020-06-17',0.5,2,2020,6,25,'vmr_359','brm_083'),('brw_360','2020-06-24',0.5,2,2020,6,26,'vmr_360','brm_083'),('brw_361','2020-07-01',0.5,3,2020,7,27,'vmr_361','brm_084'),('brw_362','2020-07-08',0.5,3,2020,7,28,'vmr_362','brm_084'),('brw_363','2020-07-15',0.5,3,2020,7,29,'vmr_363','brm_084'),('brw_364','2020-07-22',0.5,3,2020,7,30,'vmr_364','brm_084'),('brw_365','2020-07-29',0.5,3,2020,7,31,'vmr_365','brm_084'),('brw_366','2020-08-05',0.5,3,2020,8,32,'vmr_366','brm_085'),('brw_367','2020-08-12',0.5,3,2020,8,33,'vmr_367','brm_085'),('brw_368','2020-08-19',0.5,3,2020,8,34,'vmr_368','brm_085'),('brw_369','2020-08-26',0.5,3,2020,8,35,'vmr_369','brm_085'),('brw_370','2020-09-02',0.5,3,2020,9,36,'vmr_370','brm_086'),('brw_371','2020-09-09',0.5,3,2020,9,37,'vmr_371','brm_086'),('brw_372','2020-09-16',0.5,3,2020,9,38,'vmr_372','brm_086'),('brw_373','2020-09-23',0.5,3,2020,9,39,'vmr_373','brm_086'),('brw_374','2020-09-30',0.5,3,2020,9,40,'vmr_374','brm_086'),('brw_375','2020-10-07',0.5,4,2020,10,41,'vmr_375','brm_087'),('brw_376','2020-10-14',0.5,4,2020,10,42,'vmr_376','brm_087'),('brw_377','2020-10-21',0.5,4,2020,10,43,'vmr_377','brm_087'),('brw_378','2020-10-28',0.5,4,2020,10,44,'vmr_378','brm_087'),('brw_379','2020-11-04',0.5,4,2020,11,45,'vmr_379','brm_088'),('brw_380','2020-11-11',0.5,4,2020,11,46,'vmr_380','brm_088'),('brw_381','2020-11-18',0.5,4,2020,11,47,'vmr_381','brm_088'),('brw_382','2020-11-25',0.5,4,2020,11,48,'vmr_382','brm_088'),('brw_383','2020-12-02',0.5,4,2020,12,49,'vmr_383','brm_089'),('brw_384','2020-12-09',0.5,4,2020,12,50,'vmr_384','brm_089'),('brw_385','2020-12-16',0.5,4,2020,12,51,'vmr_385','brm_089'),('brw_386','2020-12-23',0.5,4,2020,12,52,'vmr_386','brm_089'),('brw_387','2020-12-30',0.5,4,2020,12,53,'vmr_387','brm_089'),('brw_388','2021-01-06',0.5,1,2021,1,2,'vmr_388','brm_090'),('brw_389','2021-01-13',0.5,1,2021,1,3,'vmr_389','brm_090'),('brw_390','2021-01-20',0.5,1,2021,1,4,'vmr_390','brm_090'),('brw_391','2021-01-27',0.5,1,2021,1,5,'vmr_391','brm_090'),('brw_392','2021-02-03',0.5,1,2021,2,6,'vmr_392','brm_091'),('brw_393','2021-02-10',0.5,1,2021,2,7,'vmr_393','brm_091'),('brw_394','2021-02-17',0.5,1,2021,2,8,'vmr_394','brm_091'),('brw_395','2021-02-24',0.5,1,2021,2,9,'vmr_395','brm_091'),('brw_396','2021-03-03',0.5,1,2021,3,10,'vmr_396','brm_092'),('brw_397','2021-03-10',0.5,1,2021,3,11,'vmr_397','brm_092'),('brw_398','2021-03-17',0.5,1,2021,3,12,'vmr_398','brm_092'),('brw_399','2021-03-24',0.5,1,2021,3,13,'vmr_399','brm_092'),('brw_400','2021-03-31',0.5,1,2021,3,14,'vmr_400','brm_092'),('brw_401','2021-04-07',0.5,2,2021,4,15,'vmr_401','brm_093'),('brw_402','2021-04-14',0.5,2,2021,4,16,'vmr_402','brm_093'),('brw_403','2021-04-21',0.5,2,2021,4,17,'vmr_403','brm_093'),('brw_404','2021-04-28',0.5,2,2021,4,18,'vmr_404','brm_093'),('brw_405','2021-05-05',0.5,2,2021,5,19,'vmr_405','brm_094'),('brw_406','2021-05-12',0.5,2,2021,5,20,'vmr_406','brm_094'),('brw_407','2021-05-19',0.5,2,2021,5,21,'vmr_407','brm_094'),('brw_408','2021-05-26',0.5,2,2021,5,22,'vmr_408','brm_094'),('brw_409','2021-06-02',0.5,2,2021,6,23,'vmr_409','brm_095'),('brw_410','2021-06-09',0.5,2,2021,6,24,'vmr_410','brm_095'),('brw_411','2021-06-16',0.5,2,2021,6,25,'vmr_411','brm_095'),('brw_412','2021-06-23',0.5,2,2021,6,26,'vmr_412','brm_095'),('brw_413','2021-06-30',0.5,2,2021,6,27,'vmr_413','brm_095'),('brw_414','2021-07-07',0.5,3,2021,7,28,'vmr_414','brm_096'),('brw_415','2021-07-14',0.5,3,2021,7,29,'vmr_415','brm_096'),('brw_416','2021-07-21',0.5,3,2021,7,30,'vmr_416','brm_096'),('brw_417','2021-07-28',0.5,3,2021,7,31,'vmr_417','brm_096'),('brw_418','2021-08-04',0.5,3,2021,8,32,'vmr_418','brm_097'),('brw_419','2021-08-11',0.5,3,2021,8,33,'vmr_419','brm_097'),('brw_420','2021-08-18',0.5,3,2021,8,34,'vmr_420','brm_097'),('brw_421','2021-08-25',0.5,3,2021,8,35,'vmr_421','brm_097'),('brw_422','2021-09-01',0.5,3,2021,9,36,'vmr_422','brm_098'),('brw_423','2021-09-08',0.5,3,2021,9,37,'vmr_423','brm_098'),('brw_424','2021-09-15',0.5,3,2021,9,38,'vmr_424','brm_098'),('brw_425','2021-09-22',0.5,3,2021,9,39,'vmr_425','brm_098'),('brw_426','2021-09-29',0.5,3,2021,9,40,'vmr_426','brm_098'),('brw_427','2021-10-06',0.5,4,2021,10,41,'vmr_427','brm_099'),('brw_428','2021-10-13',0.5,4,2021,10,42,'vmr_428','brm_099'),('brw_429','2021-10-20',0.5,4,2021,10,43,'vmr_429','brm_099'),('brw_430','2021-10-27',0.5,4,2021,10,44,'vmr_430','brm_099'),('brw_431','2021-11-03',0.5,4,2021,11,45,'vmr_431','brm_100'),('brw_432','2021-11-10',0.5,4,2021,11,46,'vmr_432','brm_100'),('brw_433','2021-11-17',0.5,4,2021,11,47,'vmr_433','brm_100'),('brw_434','2021-11-24',0.5,4,2021,11,48,'vmr_434','brm_100'),('brw_435','2021-12-01',0.5,4,2021,12,49,'vmr_435','brm_101'),('brw_436','2021-12-08',0.5,4,2021,12,50,'vmr_436','brm_101'),('brw_437','2021-12-15',0.5,4,2021,12,51,'vmr_437','brm_101'),('brw_438','2021-12-22',0.5,4,2021,12,52,'vmr_438','brm_101'),('brw_439','2021-12-29',0.5,4,2021,12,53,'vmr_439','brm_101'),('brw_440','2022-01-05',0.5,1,2022,1,2,'vmr_440','brm_102'),('brw_441','2022-01-12',0.5,1,2022,1,3,'vmr_441','brm_102'),('brw_442','2022-01-19',0.5,1,2022,1,4,'vmr_442','brm_102'),('brw_443','2022-01-26',0.5,1,2022,1,5,'vmr_443','brm_102'),('brw_444','2022-02-02',0.5,1,2022,2,6,'vmr_444','brm_103'),('brw_445','2022-02-09',0.5,1,2022,2,7,'vmr_445','brm_103'),('brw_446','2022-02-16',0.5,1,2022,2,8,'vmr_446','brm_103'),('brw_447','2022-02-23',0.5,1,2022,2,9,'vmr_447','brm_103'),('brw_448','2022-03-02',0.5,1,2022,3,10,'vmr_448','brm_104'),('brw_449','2022-03-09',0.75,1,2022,3,11,'vmr_449','brm_104'),('brw_450','2022-03-16',0.75,1,2022,3,12,'vmr_450','brm_104'),('brw_451','2022-03-23',0.75,1,2022,3,13,'vmr_451','brm_104'),('brw_452','2022-03-30',0.75,1,2022,3,14,'vmr_452','brm_104'),('brw_453','2022-04-06',0.75,2,2022,4,15,'vmr_453','brm_105'),('brw_454','2022-04-13',0.75,2,2022,4,16,'vmr_454','brm_105'),('brw_455','2022-04-20',1.25,2,2022,4,17,'vmr_455','brm_105'),('brw_456','2022-04-27',1.25,2,2022,4,18,'vmr_456','brm_105'),('brw_457','2022-05-04',1.25,2,2022,5,19,'vmr_457','brm_106'),('brw_458','2022-05-11',1.25,2,2022,5,20,'vmr_458','brm_106'),('brw_459','2022-05-18',1.25,2,2022,5,21,'vmr_459','brm_106'),('brw_460','2022-05-25',1.25,2,2022,5,22,'vmr_460','brm_106'),('brw_461','2022-06-01',1.25,2,2022,6,23,'vmr_461','brm_107'),('brw_462','2022-06-08',1.75,2,2022,6,24,'vmr_462','brm_107'),('brw_463','2022-06-15',1.75,2,2022,6,25,'vmr_463','brm_107'),('brw_464','2022-06-22',1.75,2,2022,6,26,'vmr_464','brm_107'),('brw_465','2022-06-29',1.75,2,2022,6,27,'vmr_465','brm_107'),('brw_466','2022-07-06',1.75,3,2022,7,28,'vmr_466','brm_108'),('brw_467','2022-07-13',1.75,3,2022,7,29,'vmr_467','brm_108'),('brw_468','2022-07-20',2.75,3,2022,7,30,'vmr_468','brm_108'),('brw_469','2022-07-27',2.75,3,2022,7,31,'vmr_469','brm_108'),('brw_470','2022-08-03',2.75,3,2022,8,32,'vmr_470','brm_109'),('brw_471','2022-08-10',2.75,3,2022,8,33,'vmr_471','brm_109'),('brw_472','2022-08-17',2.75,3,2022,8,34,'vmr_472','brm_109'),('brw_473','2022-08-24',2.75,3,2022,8,35,'vmr_473','brm_109'),('brw_474','2022-08-31',2.75,3,2022,8,36,'vmr_474','brm_109'),('brw_475','2022-09-07',2.75,3,2022,9,37,'vmr_475','brm_110'),('brw_476','2022-09-14',3.5,3,2022,9,38,'vmr_476','brm_110'),('brw_477','2022-09-21',3.5,3,2022,9,39,'vmr_477','brm_110'),('brw_478','2022-09-28',3.5,3,2022,9,40,'vmr_478','brm_110'),('brw_479','2022-10-05',3.5,4,2022,10,41,'vmr_479','brm_111'),('brw_480','2022-10-12',3.5,4,2022,10,42,'vmr_480','brm_111'),('brw_481','2022-10-19',3.5,4,2022,10,43,'vmr_481','brm_111'),('brw_482','2022-10-26',3.5,4,2022,10,44,'vmr_482','brm_111'),('brw_483','2022-11-02',4,4,2022,11,45,'vmr_483','brm_112'),('brw_484','2022-11-09',4,4,2022,11,46,'vmr_484','brm_112'),('brw_485','2022-11-16',4,4,2022,11,47,'vmr_485','brm_112'),('brw_486','2022-11-23',4,4,2022,11,48,'vmr_486','brm_112'),('brw_487','2022-11-30',4,4,2022,11,49,'vmr_487','brm_112'),('brw_488','2022-12-07',4,4,2022,12,50,'vmr_488','brm_113'),('brw_489','2022-12-14',4.5,4,2022,12,51,'vmr_489','brm_113'),('brw_490','2022-12-21',4.5,4,2022,12,52,'vmr_490','brm_113');
/*!40000 ALTER TABLE `bank_rate_weekly` ENABLE KEYS */;
UNLOCK TABLES;

--
-- Table structure for table `inflation`
--

DROP TABLE IF EXISTS `inflation`;
/*!40101 SET @saved_cs_client     = @@character_set_client */;
/*!50503 SET character_set_client = utf8mb4 */;
CREATE TABLE `inflation` (
  `id` varchar(10) NOT NULL,
  `year` int DEFAULT NULL,
  `quarter` int DEFAULT NULL,
  `total_cpi` double DEFAULT NULL,
  `cpi_trim` double DEFAULT NULL,
  `cpi_medium` double DEFAULT NULL,
  `cpi_common` double DEFAULT NULL,
  `month_1` int DEFAULT NULL,
  `month_2` int DEFAULT NULL,
  `month_3` int DEFAULT NULL,
  PRIMARY KEY (`id`)
) ENGINE=InnoDB DEFAULT CHARSET=utf8mb4 COLLATE=utf8mb4_0900_ai_ci;
/*!40101 SET character_set_client = @saved_cs_client */;

--
-- Dumping data for table `inflation`
--

LOCK TABLES `inflation` WRITE;
/*!40000 ALTER TABLE `inflation` DISABLE KEYS */;
INSERT INTO `inflation` VALUES ('inf_001',2013,3,1.1,1.2,1.6,1.2,7,8,9),('inf_002',2013,4,0.9,1.3,1.5,1.1,10,11,12),('inf_003',2014,1,1.4,1.5,1.6,1.3,1,2,3),('inf_004',2014,2,2.2,1.7,1.8,1.4,4,5,6),('inf_005',2014,3,2,1.7,1.7,1.4,7,8,9),('inf_006',2014,4,2,1.7,1.8,1.6,10,11,12),('inf_007',2015,1,1,1.6,1.8,1.7,1,2,3),('inf_008',2015,2,1,1.5,1.6,1.8,4,5,6),('inf_009',2015,3,1.2,1.6,1.8,1.9,7,8,9),('inf_010',2015,4,1.3,1.8,2,2,10,11,12),('inf_011',2016,1,1.6,1.8,2,2,1,2,3),('inf_012',2016,2,1.5,2,2.1,1.8,4,5,6),('inf_013',2016,3,1.3,1.9,2,1.6,7,8,9),('inf_014',2016,4,1.4,1.7,1.9,1.3,10,11,12),('inf_015',2017,1,1.9,1.5,1.8,1.2,1,2,3),('inf_016',2017,2,1.3,1.2,1.6,1,4,5,6),('inf_017',2017,3,1.4,1.4,1.6,1.2,7,8,9),('inf_018',2017,4,1.8,1.6,1.6,1.4,10,11,12),('inf_019',2018,1,2.1,1.9,1.8,1.7,1,2,3),('inf_020',2018,2,2.3,1.9,1.8,1.8,4,5,6),('inf_021',2018,3,2.7,2,1.9,1.9,7,8,9),('inf_022',2018,4,2.1,1.9,1.8,1.8,10,11,12),('inf_023',2019,1,1.6,2,1.9,1.9,1,2,3),('inf_024',2019,2,2.2,2.1,2,2.1,4,5,6),('inf_025',2019,3,1.9,2,1.9,2.2,7,8,9),('inf_026',2019,4,2.1,2,2,2.4,10,11,12),('inf_027',2020,1,1.8,1.9,1.9,2,1,2,3),('inf_028',2020,2,0,1.7,1.8,1.4,4,5,6),('inf_029',2020,3,0.2,1.7,1.8,1.3,7,8,9),('inf_030',2020,4,0.7,1.8,2,1.5,10,11,12),('inf_031',2021,1,1.5,2,2.1,1.7,1,2,3),('inf_032',2021,2,3.4,2.5,2.5,2.5,4,5,6),('inf_033',2021,3,4.1,3.3,2.9,3.1,7,8,9),('inf_034',2021,4,4.7,3.6,3,3.3,10,11,12),('inf_035',2022,1,5.8,4.5,3.8,4.4,1,2,3),('inf_036',2022,2,7.5,5.4,4.8,5.8,4,5,6),('inf_037',2022,3,7.2,5.5,5.1,6.3,7,8,9),('inf_038',2022,4,6.7,5.4,5.2,6.5,10,11,12),('inf_039',2023,1,5.2,4.8,4.8,6.2,1,2,3);
/*!40000 ALTER TABLE `inflation` ENABLE KEYS */;
UNLOCK TABLES;

--
-- Table structure for table `re_all`
--

DROP TABLE IF EXISTS `re_all`;
/*!40101 SET @saved_cs_client     = @@character_set_client */;
/*!50503 SET character_set_client = utf8mb4 */;
CREATE TABLE `re_all` (
  `id` varchar(10) NOT NULL,
  `date` date DEFAULT NULL,
  `quarter` int NOT NULL,
  `year` int NOT NULL,
  `month` int NOT NULL,
  `number_of_sales` int DEFAULT NULL,
  `avg_list_price` int DEFAULT NULL,
  `avg_sold_price` int DEFAULT NULL,
  `above_below_asking_percent` double DEFAULT NULL,
  `monthly_change_$` int DEFAULT NULL,
  `monthly_change_percent` double DEFAULT NULL,
  `days_on_market` int DEFAULT NULL,
  `lookup_c` varchar(10) DEFAULT NULL,
  `lookup_ct` varchar(10) DEFAULT NULL,
  `lookup_ft` varchar(10) DEFAULT NULL,
  `lookup_dh` varchar(10) DEFAULT NULL,
  `lookup_brm` varchar(10) DEFAULT NULL,
  PRIMARY KEY (`id`)
) ENGINE=InnoDB DEFAULT CHARSET=utf8mb4 COLLATE=utf8mb4_0900_ai_ci;
/*!40101 SET character_set_client = @saved_cs_client */;

--
-- Dumping data for table `re_all`
--

LOCK TABLES `re_all` WRITE;
/*!40000 ALTER TABLE `re_all` DISABLE KEYS */;
INSERT INTO `re_all` VALUES ('all_001','2013-08-01',3,2013,8,2693,446800,440187,-1.48,-21063,-4.56,17,'c_001','ct_001','ft_001','dh_001','brm_001'),('all_002','2013-09-01',3,2013,9,2906,471950,474225,0.48,34038,7.73,15,'c_002','ct_002','ft_002','dh_002','brm_002'),('all_003','2013-10-01',4,2013,10,3152,485200,486750,0.31,12525,2.64,16,'c_003','ct_003','ft_003','dh_003','brm_003'),('all_004','2013-11-01',4,2013,11,2606,482175,482600,0.08,-4150,-0.85,17,'c_004','ct_004','ft_004','dh_004','brm_004'),('all_005','2013-12-01',4,2013,12,1528,467961,469375,0.3,-13225,-2.74,20,'c_005','ct_005','ft_005','dh_005','brm_005'),('all_006','2014-01-01',1,2014,1,1699,476100,472437,-0.76,3062,0.65,18,'c_006','ct_006','ft_006','dh_006','brm_006'),('all_007','2014-02-01',1,2014,2,2256,519075,528750,1.86,56313,11.91,13,'c_007','ct_007','ft_007','dh_007','brm_007'),('all_008','2014-03-01',1,2014,3,3183,489712,502400,2.59,-26350,-4.98,11,'c_008','ct_008','ft_008','dh_008','brm_008'),('all_009','2014-04-01',2,2014,4,3727,507425,519212,2.32,16812,3.34,12,'c_009','ct_009','ft_009','dh_009','brm_009'),('all_010','2014-05-01',2,2014,5,4181,508975,519000,1.96,-212,-0.04,12,'c_010','ct_010','ft_010','dh_010','brm_010'),('all_011','2014-06-01',2,2014,6,3907,509912,517875,1.56,-1125,-0.21,13,'c_011','ct_011','ft_011','dh_011','brm_011'),('all_012','2014-07-01',3,2014,7,3419,499112,501343,0.44,-16532,-3.19,15,'c_012','ct_012','ft_012','dh_012','brm_012'),('all_013','2014-08-01',3,2014,8,2830,484175,486062,0.38,-15281,-3.04,17,'c_013','ct_013','ft_013','dh_013','brm_013'),('all_014','2014-09-01',3,2014,9,3249,509900,523750,2.71,37688,7.75,14,'c_014','ct_014','ft_014','dh_014','brm_014'),('all_015','2014-10-01',4,2014,10,3461,516962,529500,2.42,5750,1.09,14,'c_015','ct_015','ft_015','dh_015','brm_015'),('all_016','2014-11-01',4,2014,11,2742,515950,526372,2.01,-3128,-0.59,16,'c_016','ct_016','ft_016','dh_016','brm_016'),('all_017','2014-12-01',4,2014,12,1714,492137,488575,-0.72,-37797,-7.18,21,'c_017','ct_017','ft_017','dh_017','brm_017'),('all_018','2015-01-01',1,2015,1,1679,525237,528437,0.6,39862,8.15,14,'c_018','ct_018','ft_018','dh_018','brm_018'),('all_019','2015-02-01',1,2015,2,2509,529050,547437,3.47,19000,3.59,12,'c_019','ct_019','ft_019','dh_019','brm_019'),('all_020','2015-03-01',1,2015,3,3484,543337,563625,3.73,16188,2.95,11,'c_020','ct_020','ft_020','dh_020','brm_020'),('all_021','2015-04-01',2,2015,4,4174,546353,567450,3.86,3825,0.67,11,'c_021','ct_021','ft_021','dh_021','brm_021'),('all_022','2015-05-01',2,2015,5,4355,559700,578500,3.35,11050,1.94,11,'c_022','ct_022','ft_022','dh_022','brm_022'),('all_023','2015-06-01',2,2015,6,4406,547098,566787,3.59,-11713,-2.02,12,'c_023','ct_023','ft_023','dh_023','brm_023'),('all_024','2015-07-01',3,2015,7,3468,544175,546750,0.47,-20037,-3.53,14,'c_024','ct_024','ft_024','dh_024','brm_024'),('all_025','2015-08-01',3,2015,8,2832,529300,539125,1.85,-7625,-1.39,14,'c_025','ct_025','ft_025','dh_025','brm_025'),('all_026','2015-09-01',3,2015,9,3205,551763,566562,2.68,27437,5.08,13,'c_026','ct_026','ft_026','dh_026','brm_026'),('all_027','2015-10-01',4,2015,10,3453,567173,576375,1.62,9813,1.73,15,'c_027','ct_027','ft_027','dh_027','brm_027'),('all_028','2015-11-01',4,2015,11,2844,567462,566762,-0.12,-9613,-1.66,16,'c_028','ct_028','ft_028','dh_028','brm_028'),('all_029','2015-12-01',4,2015,12,1910,547700,547000,-0.12,-19762,-3.48,19,'c_029','ct_029','ft_029','dh_029','brm_029'),('all_030','2016-01-01',1,2016,1,1885,545837,555875,1.83,8875,1.62,16,'c_030','ct_030','ft_030','dh_030','brm_030'),('all_031','2016-02-01',1,2016,2,2914,599850,625000,4.19,69125,12.43,11,'c_031','ct_031','ft_031','dh_031','brm_031'),('all_032','2016-03-01',1,2016,3,3725,588573,616750,4.78,-8250,-1.32,10,'c_032','ct_032','ft_032','dh_032','brm_032'),('all_033','2016-04-01',2,2016,4,4470,612575,648750,5.9,32000,5.18,9,'c_033','ct_033','ft_033','dh_033','brm_033'),('all_034','2016-05-01',2,2016,5,4811,611722,654000,6.91,5250,0.8,9,'c_034','ct_034','ft_034','dh_034','brm_034'),('all_035','2016-06-01',2,2016,6,4569,611312,654375,7.04,375,0.05,10,'c_035','ct_035','ft_035','dh_035','brm_035'),('all_036','2016-07-01',3,2016,7,2533,592975,624750,5.35,-29625,-4.52,11,'c_036','ct_036','ft_036','dh_036','brm_036'),('all_037','2016-08-01',3,2016,8,3128,588622,614250,4.35,-10500,-1.68,11,'c_037','ct_037','ft_037','dh_037','brm_037'),('all_038','2016-09-01',3,2016,9,2948,619200,661225,6.78,46975,7.64,10,'c_038','ct_038','ft_038','dh_038','brm_038'),('all_039','2016-10-01',4,2016,10,2963,641712,680437,6.03,19212,2.9,10,'c_039','ct_039','ft_039','dh_039','brm_039'),('all_040','2016-11-01',4,2016,11,3129,649175,685025,5.52,4588,0.67,10,'c_040','ct_040','ft_040','dh_040','brm_040'),('all_041','2016-12-01',4,2016,12,1913,631662,656750,3.97,-28275,-4.12,12,'c_041','ct_041','ft_041','dh_041','brm_041'),('all_042','2017-01-01',1,2017,1,1953,638448,705502,10.5,48752,7.42,8,'c_042','ct_042','ft_042','dh_042','brm_042'),('all_043','2017-02-01',1,2017,2,2818,681222,796000,16.84,90498,12.82,7,'c_043','ct_043','ft_043','dh_043','brm_043'),('all_044','2017-03-01',1,2017,3,3837,686787,827325,20.46,31325,3.93,6,'c_044','ct_044','ft_044','dh_044','brm_044'),('all_045','2017-04-01',2,2017,4,3860,718062,839125,16.85,11800,1.42,7,'c_045','ct_045','ft_045','dh_045','brm_045'),('all_046','2017-05-01',2,2017,5,3693,722750,781187,8.08,-57938,-6.9,7,'c_046','ct_046','ft_046','dh_046','brm_046'),('all_047','2017-06-01',2,2017,6,2525,724487,742562,2.49,-38625,-4.94,10,'c_047','ct_047','ft_047','dh_047','brm_047'),('all_048','2017-07-01',3,2017,7,1483,702062,704373,0.32,-38189,-5.14,15,'c_048','ct_048','ft_048','dh_048','brm_048'),('all_049','2017-08-01',3,2017,8,1710,680199,688625,1.23,-15748,-2.23,17,'c_049','ct_049','ft_049','dh_049','brm_049'),('all_050','2017-09-01',3,2017,9,1794,716830,721500,0.65,32875,4.77,12,'c_050','ct_050','ft_050','dh_050','brm_050'),('all_051','2017-10-01',4,2017,10,2257,730800,739250,1.15,17750,2.46,13,'c_051','ct_051','ft_051','dh_051','brm_051'),('all_052','2017-11-01',4,2017,11,2706,693049,701281,1.18,-37969,-5.13,13,'c_052','ct_052','ft_052','dh_052','brm_052'),('all_053','2017-12-01',4,2017,12,1485,684836,681611,-0.47,-19670,-2.8,16,'c_053','ct_053','ft_053','dh_053','brm_053'),('all_054','2018-01-01',1,2018,1,1275,712850,717750,0.68,36139,5.3,19,'c_054','ct_054','ft_054','dh_054','brm_054'),('all_055','2018-02-01',1,2018,2,1770,733575,748249,2,30499,4.24,11,'c_055','ct_055','ft_055','dh_055','brm_055'),('all_056','2018-03-01',1,2018,3,2593,738725,754200,2.09,5951,0.79,8,'c_056','ct_056','ft_056','dh_056','brm_056'),('all_057','2018-04-01',2,2018,4,2869,741700,784562,5.77,30362,4.02,9,'c_057','ct_057','ft_057','dh_057','brm_057'),('all_058','2018-05-01',2,2018,5,3073,743587,777125,4.51,-7437,-0.94,10,'c_058','ct_058','ft_058','dh_058','brm_058'),('all_059','2018-06-01',2,2018,6,2663,753323,774925,2.86,-2200,-0.28,11,'c_059','ct_059','ft_059','dh_059','brm_059'),('all_060','2018-07-01',3,2018,7,1880,727100,729225,0.29,-45700,-5.89,13,'c_060','ct_060','ft_060','dh_060','brm_060'),('all_061','2018-08-01',3,2018,8,2050,700950,706000,0.72,-23225,-3.18,15,'c_061','ct_061','ft_061','dh_061','brm_061'),('all_062','2018-09-01',3,2018,9,2206,750925,759625,1.15,53625,7.59,11,'c_062','ct_062','ft_062','dh_062','brm_062'),('all_063','2018-10-01',4,2018,10,2844,744697,772625,3.75,13000,1.71,12,'c_063','ct_063','ft_063','dh_063','brm_063'),('all_064','2018-11-01',4,2018,11,2420,748450,765500,2.27,-7125,-0.92,14,'c_064','ct_064','ft_064','dh_064','brm_064'),('all_065','2018-12-01',4,2018,12,1349,715837,709687,-0.85,-55813,-7.29,20,'c_065','ct_065','ft_065','dh_065','brm_065'),('all_066','2019-01-01',1,2019,1,1391,726725,735250,1.17,25563,3.6,14,'c_066','ct_066','ft_066','dh_066','brm_066'),('all_067','2019-02-01',1,2019,2,1863,769000,790625,2.81,55375,7.53,12,'c_067','ct_067','ft_067','dh_067','brm_067'),('all_068','2019-03-01',1,2019,3,2454,742300,767562,3.4,-23063,-2.91,9,'c_068','ct_068','ft_068','dh_068','brm_068'),('all_069','2019-04-01',2,2019,4,3138,756975,784000,3.57,16438,2.14,9,'c_069','ct_069','ft_069','dh_069','brm_069'),('all_070','2019-05-01',2,2019,5,3475,782750,807500,3.16,23500,2.99,10,'c_070','ct_070','ft_070','dh_070','brm_070'),('all_071','2019-06-01',2,2019,6,2977,783000,801562,2.37,-5938,-0.73,11,'c_071','ct_071','ft_071','dh_071','brm_071'),('all_072','2019-07-01',3,2019,7,2917,746725,761250,1.94,-40312,-5.02,13,'c_072','ct_072','ft_072','dh_072','brm_072'),('all_073','2019-08-01',3,2019,8,2329,739200,756250,2.3,-5000,-0.65,14,'c_073','ct_073','ft_073','dh_073','brm_073'),('all_074','2019-09-01',3,2019,9,2995,775459,813475,4.9,57225,7.56,10,'c_074','ct_074','ft_074','dh_074','brm_074'),('all_075','2019-10-01',4,2019,10,3219,781450,811875,3.89,-1600,-0.19,12,'c_075','ct_075','ft_075','dh_075','brm_075'),('all_076','2019-11-01',4,2019,11,2548,771787,798562,3.46,-13313,-1.63,12,'c_076','ct_076','ft_076','dh_076','brm_076'),('all_077','2019-12-01',4,2019,12,1499,763087,780064,2.22,-18498,-2.31,16,'c_077','ct_077','ft_077','dh_077','brm_077'),('all_078','2020-01-01',1,2020,1,1564,779337,799250,2.55,19186,2.45,9,'c_078','ct_078','ft_078','dh_078','brm_078'),('all_079','2020-02-01',1,2020,2,2576,844810,912784,8.04,113534,14.2,7,'c_079','ct_079','ft_079','dh_079','brm_079'),('all_080','2020-03-01',1,2020,3,2611,786950,878600,11.64,-34184,-3.74,6,'c_080','ct_080','ft_080','dh_080','brm_080'),('all_081','2020-04-01',2,2020,4,962,807912,818750,1.34,-59850,-6.81,12,'c_081','ct_081','ft_081','dh_081','brm_081'),('all_082','2020-05-01',2,2020,5,1446,842935,864450,2.55,45700,5.58,11,'c_082','ct_082','ft_082','dh_082','brm_082'),('all_083','2020-06-01',2,2020,6,2794,878450,918437,4.55,53987,6.24,8,'c_083','ct_083','ft_083','dh_083','brm_083'),('all_084','2020-07-01',3,2020,7,3495,861975,904125,4.88,-14312,-1.55,9,'c_084','ct_084','ft_084','dh_084','brm_084'),('all_085','2020-08-01',3,2020,8,3287,823175,877475,6.59,-26650,-2.94,9,'c_085','ct_085','ft_085','dh_085','brm_085'),('all_086','2020-09-01',3,2020,9,3423,833975,875595,4.99,-1880,-0.21,10,'c_086','ct_086','ft_086','dh_086','brm_086'),('all_087','2020-10-01',4,2020,10,3353,831750,859500,3.33,-16095,-1.83,11,'c_087','ct_087','ft_087','dh_087','brm_087'),('all_088','2020-11-01',4,2020,11,2893,843937,870225,3.11,10725,1.24,12,'c_088','ct_088','ft_088','dh_088','brm_088'),('all_089','2020-12-01',4,2020,12,2541,848825,875000,3.08,4775,0.54,16,'c_089','ct_089','ft_089','dh_089','brm_089'),('all_090','2021-01-01',1,2021,1,2540,885725,936037,5.68,61037,6.97,11,'c_090','ct_090','ft_090','dh_090','brm_090'),('all_091','2021-02-01',1,2021,2,3623,886350,981100,10.68,45063,4.81,7,'c_091','ct_091','ft_091','dh_091','brm_091'),('all_092','2021-03-01',1,2021,3,5159,883975,996500,12.72,15400,1.56,6,'c_092','ct_092','ft_092','dh_092','brm_092'),('all_093','2021-04-01',2,2021,4,4539,895725,1001975,11.86,5475,0.54,6,'c_093','ct_093','ft_093','dh_093','brm_093'),('all_094','2021-05-01',2,2021,5,4141,897525,988500,10.13,-13475,-1.34,7,'c_094','ct_094','ft_094','dh_094','brm_094'),('all_095','2021-06-01',2,2021,6,3715,903096,976937,8.17,-11563,-1.16,8,'c_095','ct_095','ft_095','dh_095','brm_095'),('all_096','2021-07-01',3,2021,7,3096,896737,955812,6.58,-21125,-2.16,9,'c_096','ct_096','ft_096','dh_096','brm_096'),('all_097','2021-08-01',3,2021,8,2968,893420,952000,6.55,-3812,-0.39,10,'c_097','ct_097','ft_097','dh_097','brm_097'),('all_098','2021-09-01',3,2021,9,3152,909450,1008375,10.87,56375,5.92,7,'c_098','ct_098','ft_098','dh_098','brm_098'),('all_099','2021-10-01',4,2021,10,3819,943225,1027000,8.88,18625,1.84,8,'c_099','ct_099','ft_099','dh_099','brm_099'),('all_100','2021-11-01',4,2021,11,3002,915112,1034812,13.08,7812,0.76,8,'c_100','ct_100','ft_100','dh_100','brm_100'),('all_101','2021-12-01',4,2021,12,1860,918446,1033750,12.55,-1062,-0.1,9,'c_101','ct_101','ft_101','dh_101','brm_101'),('all_102','2022-01-01',1,2022,1,2145,977562,1142625,16.88,108875,10.53,6,'c_102','ct_102','ft_102','dh_102','brm_102'),('all_103','2022-02-01',1,2022,2,3327,989025,1188250,20.14,45625,3.99,6,'c_103','ct_103','ft_103','dh_103','brm_103'),('all_104','2022-03-01',1,2022,3,3459,1003986,1162272,15.76,-25978,-2.18,6,'c_104','ct_104','ft_104','dh_104','brm_104'),('all_105','2022-04-01',2,2022,4,2878,1030700,1121717,8.83,-40555,-3.48,7,'c_105','ct_105','ft_105','dh_105','brm_105'),('all_106','2022-05-01',2,2022,5,2481,1016350,1084562,6.71,-37155,-3.31,8,'c_106','ct_106','ft_106','dh_106','brm_106'),('all_107','2022-06-01',2,2022,6,2372,1008075,1023000,1.48,-61562,-5.67,10,'c_107','ct_107','ft_107','dh_107','brm_107'),('all_108','2022-07-01',3,2022,7,1427,971362,955026,-1.68,-67974,-6.64,15,'c_108','ct_108','ft_108','dh_108','brm_108'),('all_109','2022-08-01',3,2022,8,1735,929461,939625,1.09,-15401,-1.61,15,'c_109','ct_109','ft_109','dh_109','brm_109'),('all_110','2022-09-01',3,2022,9,1627,962562,957500,-0.52,17875,1.9,13,'c_110','ct_110','ft_110','dh_110','brm_110'),('all_111','2022-10-01',4,2022,10,1766,964237,964125,-0.01,6625,0.69,13,'c_111','ct_111','ft_111','dh_111','brm_111'),('all_112','2022-11-01',4,2022,11,1642,937597,939125,0.16,-25000,-2.59,13,'c_112','ct_112','ft_112','dh_112','brm_112');
/*!40000 ALTER TABLE `re_all` ENABLE KEYS */;
UNLOCK TABLES;

--
-- Table structure for table `re_condo_townhomes`
--

DROP TABLE IF EXISTS `re_condo_townhomes`;
/*!40101 SET @saved_cs_client     = @@character_set_client */;
/*!50503 SET character_set_client = utf8mb4 */;
CREATE TABLE `re_condo_townhomes` (
  `id` varchar(10) NOT NULL,
  `date` date DEFAULT NULL,
  `quarter` int NOT NULL,
  `year` int NOT NULL,
  `month` int NOT NULL,
  `number_of_sales` int DEFAULT NULL,
  `avg_list_price` int DEFAULT NULL,
  `avg_sold_price` int DEFAULT NULL,
  `above_below_asking_percent` double DEFAULT NULL,
  `monthly_change_$` int DEFAULT NULL,
  `monthly_change_percent` double DEFAULT NULL,
  `days_on_market` int DEFAULT NULL,
  PRIMARY KEY (`id`)
) ENGINE=InnoDB DEFAULT CHARSET=utf8mb4 COLLATE=utf8mb4_0900_ai_ci;
/*!40101 SET character_set_client = @saved_cs_client */;

--
-- Dumping data for table `re_condo_townhomes`
--

LOCK TABLES `re_condo_townhomes` WRITE;
/*!40000 ALTER TABLE `re_condo_townhomes` DISABLE KEYS */;
INSERT INTO `re_condo_townhomes` VALUES ('ct_001','2013-08-01',3,2013,8,197,339900,336100,-1.11,-26900,-7.41,18),('ct_002','2013-09-01',3,2013,9,199,349900,345800,-1.17,9700,2.88,20),('ct_003','2013-10-01',4,2013,10,221,389000,380000,-2.31,34200,9.89,19),('ct_004','2013-11-01',4,2013,11,183,369000,359900,-2.46,-20100,-5.28,22),('ct_005','2013-12-01',4,2013,12,111,358000,359000,0.27,-900,-0.25,24),('ct_006','2014-01-01',1,2014,1,109,330000,320000,-3.03,-39000,-10.86,21),('ct_007','2014-02-01',1,2014,2,135,395000,400000,1.26,80000,25,15),('ct_008','2014-03-01',1,2014,3,202,359950,372500,3.48,-27500,-6.87,13),('ct_009','2014-04-01',2,2014,4,246,389900,387000,-0.74,14500,3.89,14),('ct_010','2014-05-01',2,2014,5,291,388000,388000,0,1000,0.25,13),('ct_011','2014-06-01',2,2014,6,283,385000,388000,0.77,0,0,15),('ct_012','2014-07-01',3,2014,7,262,389450,385875,-0.91,-2125,-0.54,15),('ct_013','2014-08-01',3,2014,8,223,389900,386000,-1,125,0.03,19),('ct_014','2014-09-01',3,2014,9,217,389900,388000,-0.48,2000,0.51,17),('ct_015','2014-10-01',4,2014,10,237,398900,395000,-0.97,7000,1.8,16),('ct_016','2014-11-01',4,2014,11,179,415900,420000,0.98,25000,6.32,18),('ct_017','2014-12-01',4,2014,12,106,368750,364000,-1.28,-56000,-13.33,26),('ct_018','2015-01-01',1,2015,1,103,394999,395000,0,31000,8.51,16),('ct_019','2015-02-01',1,2015,2,180,388000,392250,1.09,-2750,-0.69,14),('ct_020','2015-03-01',1,2015,3,241,405000,420000,3.7,27750,7.07,11),('ct_021','2015-04-01',2,2015,4,307,429000,441000,2.79,21000,5,12),('ct_022','2015-05-01',2,2015,5,347,425000,437500,2.94,-3500,-0.79,12),('ct_023','2015-06-01',2,2015,6,324,408944,430750,5.33,-6750,-1.54,13),('ct_024','2015-07-01',3,2015,7,259,438800,444000,1.18,13250,3.07,14),('ct_025','2015-08-01',3,2015,8,224,427950,428000,0.01,-16000,-3.6,14),('ct_026','2015-09-01',3,2015,9,203,418000,420000,0.47,-8000,-1.86,17),('ct_027','2015-10-01',4,2015,10,232,432400,435450,0.7,15450,3.67,18),('ct_028','2015-11-01',4,2015,11,214,429950,430050,0.02,-5400,-1.24,18),('ct_029','2015-12-01',4,2015,12,145,414900,412000,-0.69,-18050,-4.19,21),('ct_030','2016-01-01',1,2016,1,126,429450,424000,-1.26,12000,2.91,20),('ct_031','2016-02-01',1,2016,2,173,449000,461000,2.67,37000,8.72,11),('ct_032','2016-03-01',1,2016,3,272,456450,476000,4.28,15000,3.25,11),('ct_033','2016-04-01',2,2016,4,308,462400,489000,5.75,13000,2.73,9),('ct_034','2016-05-01',2,2016,5,355,469000,488000,4.05,-1000,-0.2,9),('ct_035','2016-06-01',2,2016,6,290,477450,492500,3.15,4500,0.92,11),('ct_036','2016-07-01',3,2016,7,203,459000,476000,3.7,-16500,-3.35,12),('ct_037','2016-08-01',3,2016,8,240,478500,495000,3.44,19000,3.99,11),('ct_038','2016-09-01',3,2016,9,216,479900,503500,4.91,8500,1.71,10),('ct_039','2016-10-01',4,2016,10,196,499000,525000,5.21,21500,4.27,11),('ct_040','2016-11-01',4,2016,11,198,499000,523750,4.95,-1250,-0.23,11),('ct_041','2016-12-01',4,2016,12,104,498900,515000,3.22,-8750,-1.67,13),('ct_042','2017-01-01',1,2017,1,132,488844,539500,10.36,24500,4.75,9),('ct_043','2017-02-01',1,2017,2,177,499000,571000,14.42,31500,5.83,8),('ct_044','2017-03-01',1,2017,3,220,509450,620000,21.69,49000,8.58,7),('ct_045','2017-04-01',2,2017,4,226,544450,620500,13.96,500,0.08,7),('ct_046','2017-05-01',2,2017,5,229,567500,600000,5.72,-20500,-3.3,9),('ct_047','2017-06-01',2,2017,6,170,549950,562500,2.28,-37500,-6.25,12),('ct_048','2017-07-01',3,2017,7,88,554450,570000,2.8,7500,1.33,16),('ct_049','2017-08-01',3,2017,8,96,542500,537250,-0.96,-32750,-5.74,19),('ct_050','2017-09-01',3,2017,9,112,541073,546000,0.91,8750,1.62,16),('ct_051','2017-10-01',4,2017,10,138,595400,582500,-2.16,36500,6.68,17),('ct_052','2017-11-01',4,2017,11,160,534400,539750,1,-42750,-7.33,17),('ct_053','2017-12-01',4,2017,12,104,524395,522500,-0.36,-17250,-3.19,18),('ct_054','2018-01-01',1,2018,1,76,529950,531500,0.29,9000,1.72,26),('ct_055','2018-02-01',1,2018,2,110,589500,584000,-0.93,52500,9.87,15),('ct_056','2018-03-01',1,2018,3,161,589000,600000,1.86,16000,2.73,10),('ct_057','2018-04-01',2,2018,4,157,599000,615000,2.67,15000,2.5,10),('ct_058','2018-05-01',2,2018,5,198,599450,594000,-0.9,-21000,-3.41,14),('ct_059','2018-06-01',2,2018,6,189,599900,600500,0.1,6500,1.09,15),('ct_060','2018-07-01',3,2018,7,149,599000,590000,-1.5,-10500,-1.74,15),('ct_061','2018-08-01',3,2018,8,143,560000,569000,1.6,-21000,-3.55,20),('ct_062','2018-09-01',3,2018,9,152,597000,592000,-0.83,23000,4.04,15),('ct_063','2018-10-01',4,2018,10,155,599900,610000,1.68,18000,3.04,16),('ct_064','2018-11-01',4,2018,11,181,575000,577000,0.34,-33000,-5.4,19),('ct_065','2018-12-01',4,2018,12,100,603500,598750,-0.78,21750,3.76,26),('ct_066','2019-01-01',1,2019,1,90,599000,595000,-0.66,-3750,-0.62,18),('ct_067','2019-02-01',1,2019,2,103,599000,600000,0.16,5000,0.84,13),('ct_068','2019-03-01',1,2019,3,190,589450,592500,0.51,-7500,-1.25,11),('ct_069','2019-04-01',2,2019,4,221,599000,611000,2,18500,3.12,12),('ct_070','2019-05-01',2,2019,5,236,629000,637000,1.27,26000,4.25,11),('ct_071','2019-06-01',2,2019,6,203,615000,633000,2.92,-4000,-0.62,14),('ct_072','2019-07-01',3,2019,7,217,599900,607500,1.26,-25500,-4.02,15),('ct_073','2019-08-01',3,2019,8,177,598000,600000,0.33,-7500,-1.23,16),('ct_074','2019-09-01',3,2019,9,240,633950,635000,0.16,35000,5.83,12),('ct_075','2019-10-01',4,2019,10,218,639000,639500,0.07,4500,0.7,15),('ct_076','2019-11-01',4,2019,11,174,599450,604000,0.75,-35500,-5.55,14),('ct_077','2019-12-01',4,2019,12,124,582450,575257,-1.23,-28744,-4.75,20),('ct_078','2020-01-01',1,2020,1,112,599900,637000,6.18,61744,10.73,11),('ct_079','2020-02-01',1,2020,2,179,649990,700224,7.72,63224,9.92,8),('ct_080','2020-03-01',1,2020,3,195,599900,660100,10.03,-40124,-5.73,7),('ct_081','2020-04-01',2,2020,4,65,658800,680000,3.21,19900,3.01,14),('ct_082','2020-05-01',2,2020,5,118,645450,653250,1.2,-26750,-3.93,16),('ct_083','2020-06-01',2,2020,6,233,679000,675000,-0.58,21750,3.32,10),('ct_084','2020-07-01',3,2020,7,247,650000,685000,5.38,10000,1.48,9),('ct_085','2020-08-01',3,2020,8,232,644000,659900,2.46,-25100,-3.66,11),('ct_086','2020-09-01',3,2020,9,264,688000,690500,0.36,30600,4.63,11),('ct_087','2020-10-01',4,2020,10,261,650000,663000,2,-27500,-3.98,13),('ct_088','2020-11-01',4,2020,11,227,649900,656000,0.93,-7000,-1.05,17),('ct_089','2020-12-01',4,2020,12,193,638800,655000,2.53,-1000,-0.15,15),('ct_090','2021-01-01',1,2021,1,183,659000,694900,5.44,39900,6.09,10),('ct_091','2021-02-01',1,2021,2,250,698500,761400,9,66500,9.56,6),('ct_092','2021-03-01',1,2021,3,382,698400,760000,8.82,-1400,-0.18,6),('ct_093','2021-04-01',2,2021,4,386,699000,766900,9.71,6900,0.9,7),('ct_094','2021-05-01',2,2021,5,330,692750,736000,6.24,-30900,-4.02,8),('ct_095','2021-06-01',2,2021,6,275,699888,755000,7.87,19000,2.58,9),('ct_096','2021-07-01',3,2021,7,248,699949,758250,8.32,3250,0.43,11),('ct_097','2021-08-01',3,2021,8,223,699900,750000,7.15,-8250,-1.08,11),('ct_098','2021-09-01',3,2021,9,225,720000,780000,8.33,30000,4,8),('ct_099','2021-10-01',4,2021,10,298,749000,805000,7.47,25000,3.2,8),('ct_100','2021-11-01',4,2021,11,210,717450,824000,14.85,19000,2.36,7),('ct_101','2021-12-01',4,2021,12,117,748888,825000,10.16,1000,0.12,8),('ct_102','2022-01-01',1,2022,1,139,750000,900000,20,75000,9.09,5),('ct_103','2022-02-01',1,2022,2,210,798000,925000,15.91,25000,2.77,6),('ct_104','2022-03-01',1,2022,3,238,789000,901000,14.19,-24000,-2.59,7),('ct_105','2022-04-01',2,2022,4,199,798000,875000,9.64,-26000,-2.88,8),('ct_106','2022-05-01',2,2022,5,148,799000,850000,6.38,-25000,-2.85,9),('ct_107','2022-06-01',2,2022,6,167,799900,840000,5.01,-10000,-1.17,11),('ct_108','2022-07-01',3,2022,7,109,798000,780000,-2.25,-60000,-7.14,17),('ct_109','2022-08-01',3,2022,8,104,749000,774500,3.4,-5500,-0.7,16),('ct_110','2022-09-01',3,2022,9,107,799000,790000,-1.12,15500,2,17),('ct_111','2022-10-01',4,2022,10,112,799000,808500,1.18,18500,2.34,16),('ct_112','2022-11-01',4,2022,11,102,699950,751500,7.36,-57000,-7.05,14);
/*!40000 ALTER TABLE `re_condo_townhomes` ENABLE KEYS */;
UNLOCK TABLES;

--
-- Table structure for table `re_condos`
--

DROP TABLE IF EXISTS `re_condos`;
/*!40101 SET @saved_cs_client     = @@character_set_client */;
/*!50503 SET character_set_client = utf8mb4 */;
CREATE TABLE `re_condos` (
  `id` varchar(10) NOT NULL,
  `date` date DEFAULT NULL,
  `quarter` int NOT NULL,
  `year` int NOT NULL,
  `month` int NOT NULL,
  `number_of_sales` int DEFAULT NULL,
  `avg_list_price` int DEFAULT NULL,
  `avg_sold_price` int DEFAULT NULL,
  `above_below_asking_percent` double DEFAULT NULL,
  `monthly_change_$` int DEFAULT NULL,
  `monthly_change_percent` double DEFAULT NULL,
  `days_on_market` int DEFAULT NULL,
  PRIMARY KEY (`id`)
) ENGINE=InnoDB DEFAULT CHARSET=utf8mb4 COLLATE=utf8mb4_0900_ai_ci;
/*!40101 SET character_set_client = @saved_cs_client */;

--
-- Dumping data for table `re_condos`
--

LOCK TABLES `re_condos` WRITE;
/*!40000 ALTER TABLE `re_condos` DISABLE KEYS */;
INSERT INTO `re_condos` VALUES ('c_001','2013-08-01',3,2013,8,1291,329900,321900,-2.42,-5100,-1.55,29),('c_002','2013-09-01',3,2013,9,1251,339000,331000,-2.35,9100,2.82,24),('c_003','2013-10-01',4,2013,10,1297,339900,332500,-2.17,1500,0.45,26),('c_004','2013-11-01',4,2013,11,1111,339900,330500,-2.76,-2000,-0.6,28),('c_005','2013-12-01',4,2013,12,785,329900,325000,-1.48,-5500,-1.66,31),('c_006','2014-01-01',1,2014,1,867,338900,330750,-2.4,5750,1.76,32),('c_007','2014-02-01',1,2014,2,1075,345500,339000,-1.88,8250,2.49,22),('c_008','2014-03-01',1,2014,3,1396,344900,338100,-1.97,-900,-0.26,20),('c_009','2014-04-01',2,2014,4,1562,350000,347900,-0.6,9800,2.89,21),('c_010','2014-05-01',2,2014,5,1612,349000,340000,-2.57,-7900,-2.27,21),('c_011','2014-06-01',2,2014,6,1596,356750,349500,-2.03,9500,2.79,23),('c_012','2014-07-01',3,2014,7,1575,349000,340500,-2.43,-9000,-2.57,24),('c_013','2014-08-01',3,2014,8,1374,337900,330000,-2.33,-10500,-3.08,27),('c_014','2014-09-01',3,2014,9,1405,349900,340000,-2.82,10000,3.03,22),('c_015','2014-10-01',4,2014,10,1447,349000,343000,-1.71,3000,0.88,23),('c_016','2014-11-01',4,2014,11,1231,349000,339490,-2.72,-3510,-1.02,25),('c_017','2014-12-01',4,2014,12,884,349900,341500,-2.4,2010,0.59,29),('c_018','2015-01-01',1,2015,1,888,344950,337500,-2.15,-4000,-1.17,25),('c_019','2015-02-01',1,2015,2,1200,335250,330000,-1.56,-7500,-2.22,22),('c_020','2015-03-01',1,2015,3,1618,359900,355000,-1.36,25000,7.57,19),('c_021','2015-04-01',2,2015,4,1764,365000,360000,-1.36,5000,1.4,20),('c_022','2015-05-01',2,2015,5,1823,364900,357000,-2.16,-3000,-0.83,19),('c_023','2015-06-01',2,2015,6,1916,360500,356500,-1.1,-500,-0.14,20),('c_024','2015-07-01',3,2015,7,1723,359900,353000,-1.91,-3500,-0.98,23),('c_025','2015-08-01',3,2015,8,1478,359250,353000,-1.73,0,0,25),('c_026','2015-09-01',3,2015,9,1454,359906,355750,-1.15,2750,0.77,21),('c_027','2015-10-01',4,2015,10,1593,359900,355000,-1.36,-750,-0.21,22),('c_028','2015-11-01',4,2015,11,1325,365000,357000,-2.19,2000,0.56,24),('c_029','2015-12-01',4,2015,12,993,357900,348000,-2.76,-9000,-2.52,29),('c_030','2016-01-01',1,2016,1,1021,375000,368000,-1.86,20000,5.74,26),('c_031','2016-02-01',1,2016,2,1497,379900,377000,-0.76,9000,2.44,19),('c_032','2016-03-01',1,2016,3,1867,369900,366000,-1.05,-11000,-2.91,16),('c_033','2016-04-01',2,2016,4,2137,389900,385000,-1.25,19000,5.19,16),('c_034','2016-05-01',2,2016,5,2163,389990,388000,-0.51,3000,0.77,15),('c_035','2016-06-01',2,2016,6,2179,388000,385000,-0.77,-3000,-0.77,16),('c_036','2016-07-01',3,2016,7,1143,379900,378000,-0.5,-7000,-1.81,19),('c_037','2016-08-01',3,2016,8,1702,398000,390000,-2.01,12000,3.17,18),('c_038','2016-09-01',3,2016,9,1254,399000,396900,-0.52,6900,1.76,17),('c_039','2016-10-01',4,2016,10,1360,399850,401750,0.47,4850,1.22,15),('c_040','2016-11-01',4,2016,11,1492,409900,412000,0.51,10250,2.55,15),('c_041','2016-12-01',4,2016,12,1106,409000,410000,0.24,-2000,-0.48,17),('c_042','2017-01-01',1,2017,1,1122,415000,425000,2.4,15000,3.65,10),('c_043','2017-02-01',1,2017,2,1533,438000,453000,3.42,28000,6.58,9),('c_044','2017-03-01',1,2017,3,1987,439900,488800,11.11,35800,7.9,7),('c_045','2017-04-01',2,2017,4,1919,449900,501000,11.35,12200,2.49,7),('c_046','2017-05-01',2,2017,5,1841,450000,483000,7.33,-18000,-3.59,8),('c_047','2017-06-01',2,2017,6,1270,458000,472750,3.22,-10250,-2.12,12),('c_048','2017-07-01',3,2017,7,804,469900,469995,0.02,-2755,-0.58,16),('c_049','2017-08-01',3,2017,8,926,478400,473250,-1.07,3255,0.69,19),('c_050','2017-09-01',3,2017,9,866,496250,490000,-1.25,16750,3.53,15),('c_051','2017-10-01',4,2017,10,1082,479900,485000,1.06,-5000,-1.02,16),('c_052','2017-11-01',4,2017,11,1408,488000,485000,-0.61,0,0,14),('c_053','2017-12-01',4,2017,12,795,475000,478000,0.63,-7000,-1.44,17),('c_054','2018-01-01',1,2018,1,725,498000,498000,0,20000,4.18,17),('c_055','2018-02-01',1,2018,2,966,499900,510000,2.02,12000,2.4,13),('c_056','2018-03-01',1,2018,3,1429,508000,516800,1.73,6800,1.33,10),('c_057','2018-04-01',2,2018,4,1493,518000,530000,2.31,13200,2.55,11),('c_058','2018-05-01',2,2018,5,1627,525000,535000,1.9,5000,0.94,11),('c_059','2018-06-01',2,2018,6,1344,525000,535000,1.9,0,0,13),('c_060','2018-07-01',3,2018,7,973,515000,524900,1.92,-10100,-1.88,15),('c_061','2018-08-01',3,2018,8,1179,519000,520000,0.19,-4900,-0.93,17),('c_062','2018-09-01',3,2018,9,1106,539900,545000,0.94,25000,4.8,15),('c_063','2018-10-01',4,2018,10,1414,529000,536000,1.32,-9000,-1.65,14),('c_064','2018-11-01',4,2018,11,1281,529000,530000,0.18,-6000,-1.11,14),('c_065','2018-12-01',4,2018,12,748,530950,526500,-0.83,-3500,-0.66,20),('c_066','2019-01-01',1,2019,1,831,529000,531000,0.37,4500,0.85,14),('c_067','2019-02-01',1,2019,2,1038,539000,543500,0.83,12500,2.35,14),('c_068','2019-03-01',1,2019,3,1268,544950,547750,0.51,4250,0.78,11),('c_069','2019-04-01',2,2019,4,1517,555000,565000,1.8,17250,3.14,11),('c_070','2019-05-01',2,2019,5,1618,569000,570000,0.17,5000,0.88,12),('c_071','2019-06-01',2,2019,6,1376,569000,570000,0.17,0,0,13),('c_072','2019-07-01',3,2019,7,1515,559000,565000,1.07,-5000,-0.87,14),('c_073','2019-08-01',3,2019,8,1266,569000,570000,0.17,5000,0.88,15),('c_074','2019-09-01',3,2019,9,1447,569000,574900,1.03,4900,0.85,13),('c_075','2019-10-01',4,2019,10,1559,588800,590000,0.2,15100,2.62,14),('c_076','2019-11-01',4,2019,11,1256,588800,592250,0.58,2250,0.38,14),('c_077','2019-12-01',4,2019,12,791,579900,580000,0.01,-12250,-2.06,15),('c_078','2020-01-01',1,2020,1,892,579950,594500,2.5,14500,2.5,10),('c_079','2020-02-01',1,2020,2,1383,599900,641500,6.93,47000,7.9,8),('c_080','2020-03-01',1,2020,3,1308,599000,635000,6.01,-6500,-1.01,7),('c_081','2020-04-01',2,2020,4,436,579900,580000,0.01,-55000,-8.66,14),('c_082','2020-05-01',2,2020,5,692,599400,595050,-0.72,15050,2.59,14),('c_083','2020-06-01',2,2020,6,1258,599900,610000,1.68,14950,2.51,11),('c_084','2020-07-01',3,2020,7,1659,599900,615000,2.51,5000,0.81,12),('c_085','2020-08-01',3,2020,8,1453,599000,600000,0.16,-15000,-2.43,13),('c_086','2020-09-01',3,2020,9,1449,599000,597000,-0.33,-3000,-0.5,15),('c_087','2020-10-01',4,2020,10,1366,589000,580000,-1.52,-17000,-2.84,16),('c_088','2020-11-01',4,2020,11,1278,578850,569500,-1.61,-10500,-1.81,18),('c_089','2020-12-01',4,2020,12,1439,575000,565000,-1.73,-4500,-0.79,29),('c_090','2021-01-01',1,2021,1,1592,589900,581250,-1.46,16250,2.87,21),('c_091','2021-02-01',1,2021,2,2021,599900,618000,3.01,36750,6.32,11),('c_092','2021-03-01',1,2021,3,2587,600000,647000,7.83,29000,4.69,7),('c_093','2021-04-01',2,2021,4,2191,599900,641000,6.85,-6000,-0.92,7),('c_094','2021-05-01',2,2021,5,1879,608000,640000,5.26,-1000,-0.15,8),('c_095','2021-06-01',2,2021,6,1799,610000,640000,4.91,0,0,9),('c_096','2021-07-01',3,2021,7,1662,639000,645000,0.93,5000,0.78,12),('c_097','2021-08-01',3,2021,8,1700,628888,640000,1.76,-5000,-0.77,13),('c_098','2021-09-01',3,2021,9,1653,629900,650000,3.19,10000,1.56,10),('c_099','2021-10-01',4,2021,10,1920,635000,655000,3.14,5000,0.76,11),('c_100','2021-11-01',4,2021,11,1649,630000,648000,2.85,-7000,-1.06,12),('c_101','2021-12-01',4,2021,12,1114,629900,651000,3.34,3000,0.46,14),('c_102','2022-01-01',1,2022,1,1328,649900,708000,8.93,57000,8.75,7),('c_103','2022-02-01',1,2022,2,1878,659400,745000,12.98,37000,5.22,6),('c_104','2022-03-01',1,2022,3,1872,689945,748000,8.41,3000,0.4,7),('c_105','2022-04-01',2,2022,4,1421,688800,730000,5.98,-18000,-2.4,8),('c_106','2022-05-01',2,2022,5,1136,689400,703250,2,-26750,-3.66,10),('c_107','2022-06-01',2,2022,6,1166,694500,687000,-1.07,-16250,-2.31,14),('c_108','2022-07-01',3,2022,7,754,689450,675106,-2.08,-11895,-1.73,17),('c_109','2022-08-01',3,2022,8,937,679000,660000,-2.79,-15106,-2.23,20),('c_110','2022-09-01',3,2022,9,814,678250,670000,-1.21,10000,1.51,18),('c_111','2022-10-01',4,2022,10,824,669950,658000,-1.78,-12000,-1.79,18),('c_112','2022-11-01',4,2022,11,808,652500,645000,-1.14,-13000,-1.97,18);
/*!40000 ALTER TABLE `re_condos` ENABLE KEYS */;
UNLOCK TABLES;

--
-- Table structure for table `re_detached_homes`
--

DROP TABLE IF EXISTS `re_detached_homes`;
/*!40101 SET @saved_cs_client     = @@character_set_client */;
/*!50503 SET character_set_client = utf8mb4 */;
CREATE TABLE `re_detached_homes` (
  `id` varchar(10) NOT NULL,
  `date` date DEFAULT NULL,
  `quarter` int NOT NULL,
  `year` int NOT NULL,
  `month` int NOT NULL,
  `number_of_sales` int DEFAULT NULL,
  `avg_list_price` int DEFAULT NULL,
  `avg_sold_price` int DEFAULT NULL,
  `above_below_asking_percent` double DEFAULT NULL,
  `monthly_change_$` int DEFAULT NULL,
  `monthly_change_percent` double DEFAULT NULL,
  `days_on_market` int DEFAULT NULL,
  PRIMARY KEY (`id`)
) ENGINE=InnoDB DEFAULT CHARSET=utf8mb4 COLLATE=utf8mb4_0900_ai_ci;
/*!40101 SET character_set_client = @saved_cs_client */;

--
-- Dumping data for table `re_detached_homes`
--

LOCK TABLES `re_detached_homes` WRITE;
/*!40000 ALTER TABLE `re_detached_homes` DISABLE KEYS */;
INSERT INTO `re_detached_homes` VALUES ('dh_001','2013-08-01',3,2013,8,898,598400,590250,-1.36,-19750,-3.23,14),('dh_002','2013-09-01',3,2013,9,1023,649900,650000,0.01,59750,10.12,11),('dh_003','2013-10-01',4,2013,10,1166,649900,659000,1.4,9000,1.38,12),('dh_004','2013-11-01',4,2013,11,947,649900,660000,1.55,1000,0.15,12),('dh_005','2013-12-01',4,2013,12,452,629450,628000,-0.23,-32000,-4.84,17),('dh_006','2014-01-01',1,2014,1,512,696500,699000,0.35,71000,11.3,11),('dh_007','2014-02-01',1,2014,2,735,740000,751000,1.48,52000,7.43,8),('dh_008','2014-03-01',1,2014,3,1115,679000,699500,3.01,-51500,-6.85,8),('dh_009','2014-04-01',2,2014,4,1393,699900,730000,4.3,30500,4.36,8),('dh_010','2014-05-01',2,2014,5,1622,699900,728000,4.01,-2000,-0.27,8),('dh_011','2014-06-01',2,2014,6,1405,699000,715000,2.28,-13000,-1.78,9),('dh_012','2014-07-01',3,2014,7,1115,669000,680000,1.64,-35000,-4.89,11),('dh_013','2014-08-01',3,2014,8,873,649900,657000,1.09,-23000,-3.38,12),('dh_014','2014-09-01',3,2014,9,1182,699900,727000,3.87,70000,10.65,9),('dh_015','2014-10-01',4,2014,10,1243,720000,740000,2.77,13000,1.78,9),('dh_016','2014-11-01',4,2014,11,971,699900,730000,4.3,-10000,-1.35,12),('dh_017','2014-12-01',4,2014,12,531,679999,677000,-0.44,-53000,-7.26,18),('dh_018','2015-01-01',1,2015,1,502,732000,746250,1.94,69250,10.22,9),('dh_019','2015-02-01',1,2015,2,844,763950,810500,6.09,64250,8.6,8),('dh_020','2015-03-01',1,2015,3,1152,779450,807500,3.59,-3000,-0.37,7),('dh_021','2015-04-01',2,2015,4,1510,781513,810000,3.64,2500,0.3,8),('dh_022','2015-05-01',2,2015,5,1523,799000,828000,3.62,18000,2.22,8),('dh_023','2015-06-01',2,2015,6,1518,769000,799900,4.01,-28100,-3.39,8),('dh_024','2015-07-01',3,2015,7,1055,749000,740000,-1.2,-59900,-7.48,11),('dh_025','2015-08-01',3,2015,8,793,731000,753000,3,13000,1.75,11),('dh_026','2015-09-01',3,2015,9,1112,769700,791500,2.83,38500,5.11,8),('dh_027','2015-10-01',4,2015,10,1112,799450,820050,2.57,28550,3.6,10),('dh_028','2015-11-01',4,2015,11,903,795000,795000,0,-25050,-3.05,13),('dh_029','2015-12-01',4,2015,12,571,739000,740000,0.13,-55000,-6.91,15),('dh_030','2016-01-01',1,2016,1,536,779000,787000,1.02,47000,6.35,9),('dh_031','2016-02-01',1,2016,2,898,871500,920000,5.56,133000,16.89,7),('dh_032','2016-03-01',1,2016,3,1122,828944,880000,6.15,-40000,-4.34,8),('dh_033','2016-04-01',2,2016,4,1479,899000,961000,6.89,81000,9.2,7),('dh_034','2016-05-01',2,2016,5,1688,888900,960000,7.99,-1000,-0.1,7),('dh_035','2016-06-01',2,2016,6,1507,879900,940000,6.83,-20000,-2.08,7),('dh_036','2016-07-01',3,2016,7,852,834000,885000,6.11,-55000,-5.85,8),('dh_037','2016-08-01',3,2016,8,881,799990,865000,8.12,-20000,-2.25,8),('dh_038','2016-09-01',3,2016,9,1064,898000,954000,6.23,89000,10.28,7),('dh_039','2016-10-01',4,2016,10,997,919000,1000000,8.81,46000,4.82,7),('dh_040','2016-11-01',4,2016,11,1033,938800,1003800,6.92,3800,0.38,8),('dh_041','2016-12-01',4,2016,12,516,899950,950000,5.56,-53800,-5.35,12),('dh_042','2017-01-01',1,2017,1,513,899999,1012000,12.44,62000,6.52,7),('dh_043','2017-02-01',1,2017,2,831,999000,1255000,25.62,243000,24.01,7),('dh_044','2017-03-01',1,2017,3,1204,998800,1250500,25.2,-4500,-0.35,7),('dh_045','2017-04-01',2,2017,4,1273,1078000,1275000,18.27,24500,1.95,7),('dh_046','2017-05-01',2,2017,5,1148,999000,1101750,10.28,-173250,-13.58,7),('dh_047','2017-06-01',2,2017,6,755,1049000,1075000,2.47,-26750,-2.42,10),('dh_048','2017-07-01',3,2017,7,418,984000,957500,-2.69,-117500,-10.93,17),('dh_049','2017-08-01',3,2017,8,471,899900,895000,-0.54,-62500,-6.52,16),('dh_050','2017-09-01',3,2017,9,528,998000,1000000,0.2,105000,11.73,12),('dh_051','2017-10-01',4,2017,10,696,998000,994500,-0.35,-5500,-0.55,13),('dh_052','2017-11-01',4,2017,11,784,949900,947000,-0.3,-47500,-4.77,14),('dh_053','2017-12-01',4,2017,12,396,950000,945944,-0.42,-1056,-0.11,18),('dh_054','2018-01-01',1,2018,1,340,999000,981500,-1.75,35556,3.75,22),('dh_055','2018-02-01',1,2018,2,503,995000,999999,0.5,18499,1.88,10),('dh_056','2018-03-01',1,2018,3,696,998000,1000000,0.2,1,0,8),('dh_057','2018-04-01',2,2018,4,836,999900,1070250,7.03,70250,7.02,9),('dh_058','2018-05-01',2,2018,5,866,999999,1060000,6,-10250,-0.95,9),('dh_059','2018-06-01',2,2018,6,790,999894,1055000,5.51,-5000,-0.47,10),('dh_060','2018-07-01',3,2018,7,530,959900,947000,-1.34,-108000,-10.23,16),('dh_061','2018-08-01',3,2018,8,531,925000,925000,0,-22000,-2.32,15),('dh_062','2018-09-01',3,2018,9,637,1038800,1050000,1.07,125000,13.51,10),('dh_063','2018-10-01',4,2018,10,855,999990,1057000,5.7,7000,0.66,11),('dh_064','2018-11-01',4,2018,11,679,999900,1035000,3.51,-22000,-2.08,14),('dh_065','2018-12-01',4,2018,12,340,929900,891500,-4.12,-143500,-13.86,22),('dh_066','2019-01-01',1,2019,1,333,929000,925000,-0.43,33500,3.75,16),('dh_067','2019-02-01',1,2019,2,489,1039000,1050000,1.05,125000,13.51,13),('dh_068','2019-03-01',1,2019,3,677,974900,990000,1.54,-60000,-5.71,10),('dh_069','2019-04-01',2,2019,4,1003,999000,1050000,5.1,60000,6.06,9),('dh_070','2019-05-01',2,2019,5,1120,1034000,1070000,3.48,20000,1.9,9),('dh_071','2019-06-01',2,2019,6,952,1049000,1050000,0.09,-20000,-1.86,11),('dh_072','2019-07-01',3,2019,7,833,979000,965000,-1.43,-85000,-8.09,15),('dh_073','2019-08-01',3,2019,8,643,959800,960000,0.02,-5000,-0.51,16),('dh_074','2019-09-01',3,2019,9,924,999888,1075000,7.51,115000,11.97,9),('dh_075','2019-10-01',4,2019,10,1018,999000,1030500,3.15,-44500,-4.13,11),('dh_076','2019-11-01',4,2019,11,767,999900,1065000,6.51,34500,3.34,13),('dh_077','2019-12-01',4,2019,12,425,1030000,1045000,1.45,-20000,-1.87,19),('dh_078','2020-01-01',1,2020,1,412,1099000,1100000,0.09,55000,5.26,8),('dh_079','2020-02-01',1,2020,2,764,1189950,1249400,4.99,149400,13.58,7),('dh_080','2020-03-01',1,2020,3,800,1049000,1159000,10.48,-90400,-7.23,7),('dh_081','2020-04-01',2,2020,4,298,993950,975000,-1.9,-184000,-15.87,14),('dh_082','2020-05-01',2,2020,5,434,1144444,1159500,1.31,184500,18.92,11),('dh_083','2020-06-01',2,2020,6,911,1185000,1225000,3.37,65500,5.64,7),('dh_084','2020-07-01',3,2020,7,1090,1199000,1231500,2.71,6500,0.53,8),('dh_085','2020-08-01',3,2020,8,1125,1099900,1200000,9.1,-31500,-2.55,8),('dh_086','2020-09-01',3,2020,9,1165,1099000,1181000,7.46,-19000,-1.58,7),('dh_087','2020-10-01',4,2020,10,1200,1099000,1175000,6.91,-6000,-0.5,8),('dh_088','2020-11-01',4,2020,11,932,1149000,1207400,5.08,32400,2.75,9),('dh_089','2020-12-01',4,2020,12,636,1192500,1228000,2.97,20600,1.7,12),('dh_090','2021-01-01',1,2021,1,538,1299000,1350000,3.92,122000,9.93,7),('dh_091','2021-02-01',1,2021,2,943,1248000,1375000,10.17,25000,1.85,7),('dh_092','2021-03-01',1,2021,3,1512,1238500,1400000,13.03,25000,1.81,6),('dh_093','2021-04-01',2,2021,4,1305,1285000,1400000,8.94,0,0,7),('dh_094','2021-05-01',2,2021,5,1282,1289450,1393000,8.03,-7000,-0.5,7),('dh_095','2021-06-01',2,2021,6,1109,1288000,1330000,3.26,-63000,-4.52,7),('dh_096','2021-07-01',3,2021,7,815,1249000,1320000,5.68,-10000,-0.75,8),('dh_097','2021-08-01',3,2021,8,708,1249894,1330000,6.4,10000,0.75,9),('dh_098','2021-09-01',3,2021,9,858,1288000,1406500,9.2,76500,5.75,7),('dh_099','2021-10-01',4,2021,10,1097,1299900,1438000,10.62,31500,2.23,7),('dh_100','2021-11-01',4,2021,11,800,1288000,1437250,11.58,-750,-0.05,7),('dh_101','2021-12-01',4,2021,12,461,1295000,1435000,10.81,-2250,-0.15,8),('dh_102','2022-01-01',1,2022,1,466,1378350,1580000,14.62,145000,10.1,7),('dh_103','2022-02-01',1,2022,2,858,1399700,1685000,20.38,105000,6.64,6),('dh_104','2022-03-01',1,2022,3,949,1388000,1600000,15.27,-85000,-5.04,6),('dh_105','2022-04-01',2,2022,4,843,1448000,1561870,7.86,-38130,-2.38,7),('dh_106','2022-05-01',2,2022,5,794,1438000,1510000,5,-51870,-3.32,7),('dh_107','2022-06-01',2,2022,6,737,1349000,1360000,0.81,-150000,-9.93,8),('dh_108','2022-07-01',3,2022,7,387,1299000,1260000,-3,-100000,-7.35,13),('dh_109','2022-08-01',3,2022,8,488,1289945,1295000,0.39,35000,2.77,14),('dh_110','2022-09-01',3,2022,9,477,1349000,1320000,-2.14,25000,1.93,9),('dh_111','2022-10-01',4,2022,10,571,1288000,1240000,-3.72,-80000,-6.06,12),('dh_112','2022-11-01',4,2022,11,516,1298940,1260000,-2.99,20000,1.61,12);
/*!40000 ALTER TABLE `re_detached_homes` ENABLE KEYS */;
UNLOCK TABLES;

--
-- Table structure for table `re_freehold_townhomes`
--

DROP TABLE IF EXISTS `re_freehold_townhomes`;
/*!40101 SET @saved_cs_client     = @@character_set_client */;
/*!50503 SET character_set_client = utf8mb4 */;
CREATE TABLE `re_freehold_townhomes` (
  `id` varchar(10) NOT NULL,
  `date` date DEFAULT NULL,
  `quarter` int NOT NULL,
  `year` int NOT NULL,
  `month` int NOT NULL,
  `number_of_sales` int DEFAULT NULL,
  `avg_list_price` int DEFAULT NULL,
  `avg_sold_price` int DEFAULT NULL,
  `above_below_asking_percent` double DEFAULT NULL,
  `monthly_change_$` int DEFAULT NULL,
  `monthly_change_percent` double DEFAULT NULL,
  `days_on_market` int DEFAULT NULL,
  PRIMARY KEY (`id`)
) ENGINE=InnoDB DEFAULT CHARSET=utf8mb4 COLLATE=utf8mb4_0900_ai_ci;
/*!40101 SET character_set_client = @saved_cs_client */;

--
-- Dumping data for table `re_freehold_townhomes`
--

LOCK TABLES `re_freehold_townhomes` WRITE;
/*!40000 ALTER TABLE `re_freehold_townhomes` DISABLE KEYS */;
INSERT INTO `re_freehold_townhomes` VALUES ('ft_001','2013-08-01',3,2013,8,307,519000,512500,-1.25,-32500,-5.96,10),('ft_002','2013-09-01',3,2013,9,433,549000,570100,3.84,57600,11.23,8),('ft_003','2013-10-01',4,2013,10,468,562000,575500,2.4,5400,0.94,8),('ft_004','2013-11-01',4,2013,11,365,569900,580000,1.77,4500,0.78,9),('ft_005','2013-12-01',4,2013,12,180,554495,565500,1.98,-14500,-2.5,11),('ft_006','2014-01-01',1,2014,1,211,539000,540000,0.18,-25500,-4.5,9),('ft_007','2014-02-01',1,2014,2,311,595800,625000,4.9,85000,15.74,7),('ft_008','2014-03-01',1,2014,3,470,575000,599500,4.26,-25500,-4.08,7),('ft_009','2014-04-01',2,2014,4,526,589900,611950,3.73,12450,2.07,7),('ft_010','2014-05-01',2,2014,5,656,599000,620000,3.5,8050,1.31,7),('ft_011','2014-06-01',2,2014,6,623,598900,619000,3.35,-1000,-0.16,8),('ft_012','2014-07-01',3,2014,7,467,589000,599000,1.69,-20000,-3.23,10),('ft_013','2014-08-01',3,2014,8,360,559000,571250,2.19,-27750,-4.63,11),('ft_014','2014-09-01',3,2014,9,445,599900,640000,6.68,68750,12.03,8),('ft_015','2014-10-01',4,2014,10,534,599950,640000,6.67,0,0,9),('ft_016','2014-11-01',4,2014,11,361,599000,616000,2.83,-24000,-3.75,10),('ft_017','2014-12-01',4,2014,12,193,569900,571800,0.33,-44200,-7.17,13),('ft_018','2015-01-01',1,2015,1,186,629000,635000,0.95,63200,11.05,9),('ft_019','2015-02-01',1,2015,2,285,629000,657000,4.45,22000,3.46,7),('ft_020','2015-03-01',1,2015,3,473,629000,672000,6.83,15000,2.28,7),('ft_021','2015-04-01',2,2015,4,593,609900,658800,8.01,-13200,-1.96,7),('ft_022','2015-05-01',2,2015,5,662,649900,691500,6.4,32700,4.96,7),('ft_023','2015-06-01',2,2015,6,648,649950,680000,4.62,-11500,-1.66,7),('ft_024','2015-07-01',3,2015,7,431,629000,650000,3.33,-30000,-4.41,9),('ft_025','2015-08-01',3,2015,8,337,599000,622500,3.92,-27500,-4.23,9),('ft_026','2015-09-01',3,2015,9,436,659450,699000,5.99,76500,12.28,7),('ft_027','2015-10-01',4,2015,10,516,676944,695000,2.66,-4000,-0.57,10),('ft_028','2015-11-01',4,2015,11,402,679900,685000,0.75,-10000,-1.43,10),('ft_029','2015-12-01',4,2015,12,201,679000,688000,1.32,3000,0.43,13),('ft_030','2016-01-01',1,2016,1,202,599900,644500,7.43,-43500,-6.32,9),('ft_031','2016-02-01',1,2016,2,346,699000,742000,6.15,97500,15.12,7),('ft_032','2016-03-01',1,2016,3,464,699000,745000,6.58,3000,0.4,7),('ft_033','2016-04-01',2,2016,4,546,699000,760000,8.72,15000,2.01,7),('ft_034','2016-05-01',2,2016,5,605,699000,780000,11.58,20000,2.63,7),('ft_035','2016-06-01',2,2016,6,593,699900,800000,14.3,20000,2.56,7),('ft_036','2016-07-01',3,2016,7,335,699000,760000,8.72,-40000,-5,7),('ft_037','2016-08-01',3,2016,8,305,678000,707000,4.27,-53000,-6.97,7),('ft_038','2016-09-01',3,2016,9,414,699900,790500,12.94,83500,11.81,7),('ft_039','2016-10-01',4,2016,10,410,749000,795000,6.14,4500,0.56,7),('ft_040','2016-11-01',4,2016,11,406,749000,800550,6.88,5550,0.69,8),('ft_041','2016-12-01',4,2016,12,187,718800,752000,4.61,-48550,-6.06,9),('ft_042','2017-01-01',1,2017,1,186,749950,845511,12.74,93511,12.43,7),('ft_043','2017-02-01',1,2017,2,277,788888,905000,14.71,59489,7.03,6),('ft_044','2017-03-01',1,2017,3,426,799000,950000,18.89,45000,4.97,6),('ft_045','2017-04-01',2,2017,4,442,799900,960000,20.01,10000,1.05,7),('ft_046','2017-05-01',2,2017,5,475,874500,940000,7.48,-20000,-2.08,7),('ft_047','2017-06-01',2,2017,6,330,841000,860000,2.25,-80000,-8.51,8),('ft_048','2017-07-01',3,2017,7,173,799900,820000,2.51,-40000,-4.65,13),('ft_049','2017-08-01',3,2017,8,217,800000,849000,6.12,29000,3.53,15),('ft_050','2017-09-01',3,2017,9,288,832000,850000,2.16,1000,0.11,7),('ft_051','2017-10-01',4,2017,10,341,849900,895000,5.3,45000,5.29,8),('ft_052','2017-11-01',4,2017,11,354,799900,833375,4.18,-61625,-6.88,10),('ft_053','2017-12-01',4,2017,12,190,789950,780000,-1.25,-53375,-6.4,14),('ft_054','2018-01-01',1,2018,1,134,824450,860000,4.31,80000,10.25,12),('ft_055','2018-02-01',1,2018,2,191,849900,899000,5.77,39000,4.53,8),('ft_056','2018-03-01',1,2018,3,307,859900,900000,4.66,1000,0.11,7),('ft_057','2018-04-01',2,2018,4,383,849900,923000,8.6,23000,2.55,7),('ft_058','2018-05-01',2,2018,5,382,849900,919500,8.18,-3500,-0.37,7),('ft_059','2018-06-01',2,2018,6,340,888500,909200,2.32,-10300,-1.12,8),('ft_060','2018-07-01',3,2018,7,228,834500,855000,2.45,-54200,-5.96,9),('ft_061','2018-08-01',3,2018,8,197,799800,810000,1.27,-45000,-5.26,11),('ft_062','2018-09-01',3,2018,9,311,828000,851500,2.83,41500,5.12,7),('ft_063','2018-10-01',4,2018,10,420,849900,887500,4.42,36000,4.22,8),('ft_064','2018-11-01',4,2018,11,279,889900,920000,3.38,32500,3.66,9),('ft_065','2018-12-01',4,2018,12,161,799000,822000,2.87,-98000,-10.65,13),('ft_066','2019-01-01',1,2019,1,137,849900,890000,4.71,68000,8.27,10),('ft_067','2019-02-01',1,2019,2,233,899000,969000,7.78,79000,8.87,8),('ft_068','2019-03-01',1,2019,3,319,859900,940000,9.31,-29000,-2.99,7),('ft_069','2019-04-01',2,2019,4,397,874900,910000,4.01,-30000,-3.19,7),('ft_070','2019-05-01',2,2019,5,501,899000,953000,6,43000,4.72,8),('ft_071','2019-06-01',2,2019,6,446,899000,953250,6.03,250,0.02,8),('ft_072','2019-07-01',3,2019,7,352,849000,907500,6.89,-45750,-4.79,10),('ft_073','2019-08-01',3,2019,8,243,830000,895000,7.83,-12500,-1.37,10),('ft_074','2019-09-01',3,2019,9,384,899000,969000,7.78,74000,8.26,8),('ft_075','2019-10-01',4,2019,10,424,899000,987500,9.84,18500,1.9,8),('ft_076','2019-11-01',4,2019,11,351,899000,933000,3.78,-54500,-5.51,10),('ft_077','2019-12-01',4,2019,12,159,859999,920000,6.97,-13000,-1.39,12),('ft_078','2020-01-01',1,2020,1,148,838500,865500,3.22,-54500,-5.92,8),('ft_079','2020-02-01',1,2020,2,250,939400,1060013,12.83,194513,22.47,7),('ft_080','2020-03-01',1,2020,3,308,899900,1060300,17.82,288,0.02,6),('ft_081','2020-04-01',2,2020,4,163,999000,1040000,4.1,-20300,-1.91,8),('ft_082','2020-05-01',2,2020,5,202,982450,1050000,6.87,10000,0.96,6),('ft_083','2020-06-01',2,2020,6,392,1049900,1163750,10.84,113750,10.83,6),('ft_084','2020-07-01',3,2020,7,499,999000,1085000,8.6,-78750,-6.76,7),('ft_085','2020-08-01',3,2020,8,477,949800,1050000,10.54,-35000,-3.22,7),('ft_086','2020-09-01',3,2020,9,545,949900,1033880,8.84,-16120,-1.53,7),('ft_087','2020-10-01',4,2020,10,526,989000,1020000,3.13,-13880,-1.34,8),('ft_088','2020-11-01',4,2020,11,456,998000,1048000,5.01,28000,2.74,7),('ft_089','2020-12-01',4,2020,12,273,989000,1052000,6.37,4000,0.38,9),('ft_090','2021-01-01',1,2021,1,227,995000,1118000,12.36,66000,6.27,7),('ft_091','2021-02-01',1,2021,2,409,999000,1170000,17.11,52000,4.65,6),('ft_092','2021-03-01',1,2021,3,678,999000,1179000,18.01,9000,0.76,6),('ft_093','2021-04-01',2,2021,4,657,999000,1200000,20.12,21000,1.78,6),('ft_094','2021-05-01',2,2021,5,650,999900,1185000,18.51,-15000,-1.25,6),('ft_095','2021-06-01',2,2021,6,532,1014500,1182750,16.58,-2250,-0.18,7),('ft_096','2021-07-01',3,2021,7,371,999000,1100000,10.11,-82750,-6.99,8),('ft_097','2021-08-01',3,2021,8,337,995000,1088000,9.34,-12000,-1.09,8),('ft_098','2021-09-01',3,2021,9,416,999900,1197000,19.71,109000,10.01,6),('ft_099','2021-10-01',4,2021,10,504,1089000,1210000,11.11,13000,1.08,7),('ft_100','2021-11-01',4,2021,11,343,1025000,1230000,20,20000,1.65,7),('ft_101','2021-12-01',4,2021,12,168,1000000,1224000,22.4,-6000,-0.48,7),('ft_102','2022-01-01',1,2022,1,212,1132000,1382500,22.12,158500,12.94,6),('ft_103','2022-02-01',1,2022,2,381,1099000,1398000,27.2,15500,1.12,6),('ft_104','2022-03-01',1,2022,3,400,1149000,1400089,21.85,2089,0.14,6),('ft_105','2022-04-01',2,2022,4,415,1188000,1320000,11.11,-80089,-5.72,7),('ft_106','2022-05-01',2,2022,5,403,1139000,1275000,11.94,-45000,-3.4,7),('ft_107','2022-06-01',2,2022,6,302,1188900,1205000,1.35,-70000,-5.49,8),('ft_108','2022-07-01',3,2022,7,177,1099000,1105000,0.54,-100000,-8.29,13),('ft_109','2022-08-01',3,2022,8,206,999900,1029000,2.91,-76000,-6.87,11),('ft_110','2022-09-01',3,2022,9,229,1024000,1050000,2.53,21000,2.04,8),('ft_111','2022-10-01',4,2022,10,259,1100000,1150000,4.54,100000,9.52,9),('ft_112','2022-11-01',4,2022,11,216,1099000,1100000,0.09,-50000,-4.34,10);
/*!40000 ALTER TABLE `re_freehold_townhomes` ENABLE KEYS */;
UNLOCK TABLES;

--
-- Table structure for table `var_mortgage_rate`
--

DROP TABLE IF EXISTS `var_mortgage_rate`;
/*!40101 SET @saved_cs_client     = @@character_set_client */;
/*!50503 SET character_set_client = utf8mb4 */;
CREATE TABLE `var_mortgage_rate` (
  `id` varchar(10) NOT NULL,
  `date` date NOT NULL,
  `var_rate` double DEFAULT NULL,
  `quarter` int DEFAULT NULL,
  `year` int DEFAULT NULL,
  `month` int DEFAULT NULL,
  `week_num` int DEFAULT NULL,
  PRIMARY KEY (`id`)
) ENGINE=InnoDB DEFAULT CHARSET=utf8mb4 COLLATE=utf8mb4_0900_ai_ci;
/*!40101 SET character_set_client = @saved_cs_client */;

--
-- Dumping data for table `var_mortgage_rate`
--

LOCK TABLES `var_mortgage_rate` WRITE;
/*!40000 ALTER TABLE `var_mortgage_rate` DISABLE KEYS */;
INSERT INTO `var_mortgage_rate` VALUES ('vmr_001','2013-08-08',2.55,3,2013,8,32),('vmr_002','2013-08-15',2.55,3,2013,8,33),('vmr_003','2013-08-22',2.55,3,2013,8,34),('vmr_004','2013-08-29',2.55,3,2013,8,35),('vmr_005','2013-09-05',2.56,3,2013,9,36),('vmr_006','2013-09-12',2.55,3,2013,9,37),('vmr_007','2013-09-19',2.55,3,2013,9,38),('vmr_008','2013-09-26',2.55,3,2013,9,39),('vmr_009','2013-10-03',2.54,4,2013,10,40),('vmr_010','2013-10-10',2.54,4,2013,10,41),('vmr_011','2013-10-17',2.54,4,2013,10,42),('vmr_012','2013-10-24',2.53,4,2013,10,43),('vmr_013','2013-10-31',2.53,4,2013,10,44),('vmr_014','2013-11-07',2.51,4,2013,11,45),('vmr_015','2013-11-14',2.5,4,2013,11,46),('vmr_016','2013-11-21',2.51,4,2013,11,47),('vmr_017','2013-11-28',2.51,4,2013,11,48),('vmr_018','2013-12-05',2.51,4,2013,12,49),('vmr_019','2013-12-12',2.51,4,2013,12,50),('vmr_020','2013-12-19',2.51,4,2013,12,51),('vmr_021','2013-12-26',2.51,4,2013,12,52),('vmr_022','2014-01-02',2.51,1,2014,1,1),('vmr_023','2014-01-09',2.5,1,2014,1,2),('vmr_024','2014-01-16',2.51,1,2014,1,3),('vmr_025','2014-01-23',2.51,1,2014,1,4),('vmr_026','2014-01-30',2.5,1,2014,1,5),('vmr_027','2014-02-06',2.49,1,2014,2,6),('vmr_028','2014-02-13',2.47,1,2014,2,7),('vmr_029','2014-02-20',2.47,1,2014,2,8),('vmr_030','2014-02-27',2.46,1,2014,2,9),('vmr_031','2014-03-06',2.46,1,2014,3,10),('vmr_032','2014-03-13',2.46,1,2014,3,11),('vmr_033','2014-03-20',2.46,1,2014,3,12),('vmr_034','2014-03-27',2.44,1,2014,3,13),('vmr_035','2014-04-03',2.44,2,2014,4,14),('vmr_036','2014-04-10',2.44,2,2014,4,15),('vmr_037','2014-04-17',2.42,2,2014,4,16),('vmr_038','2014-04-24',2.42,2,2014,4,17),('vmr_039','2014-05-01',2.42,2,2014,5,18),('vmr_040','2014-05-08',2.42,2,2014,5,19),('vmr_041','2014-05-15',2.42,2,2014,5,20),('vmr_042','2014-05-22',2.42,2,2014,5,21),('vmr_043','2014-05-29',2.42,2,2014,5,22),('vmr_044','2014-06-05',2.41,2,2014,6,23),('vmr_045','2014-06-12',2.4,2,2014,6,24),('vmr_046','2014-06-19',2.4,2,2014,6,25),('vmr_047','2014-06-26',2.39,2,2014,6,26),('vmr_048','2014-07-03',2.39,3,2014,7,27),('vmr_049','2014-07-10',2.39,3,2014,7,28),('vmr_050','2014-07-17',2.39,3,2014,7,29),('vmr_051','2014-07-24',2.4,3,2014,7,30),('vmr_052','2014-07-31',2.4,3,2014,7,31),('vmr_053','2014-08-07',2.4,3,2014,8,32),('vmr_054','2014-08-14',2.4,3,2014,8,33),('vmr_055','2014-08-21',2.4,3,2014,8,34),('vmr_056','2014-08-28',2.39,3,2014,8,35),('vmr_057','2014-09-04',2.39,3,2014,9,36),('vmr_058','2014-09-11',2.38,3,2014,9,37),('vmr_059','2014-09-18',2.38,3,2014,9,38),('vmr_060','2014-09-25',2.38,3,2014,9,39),('vmr_061','2014-10-02',2.36,4,2014,10,40),('vmr_062','2014-10-09',2.35,4,2014,10,41),('vmr_063','2014-10-16',2.35,4,2014,10,42),('vmr_064','2014-10-23',2.35,4,2014,10,43),('vmr_065','2014-10-30',2.35,4,2014,10,44),('vmr_066','2014-11-06',2.35,4,2014,11,45),('vmr_067','2014-11-13',2.33,4,2014,11,46),('vmr_068','2014-11-20',2.33,4,2014,11,47),('vmr_069','2014-11-27',2.33,4,2014,11,48),('vmr_070','2014-12-04',2.33,4,2014,12,49),('vmr_071','2014-12-11',2.32,4,2014,12,50),('vmr_072','2014-12-18',2.31,4,2014,12,51),('vmr_073','2014-12-25',2.31,4,2014,12,52),('vmr_074','2015-01-01',2.31,1,2015,1,1),('vmr_075','2015-01-08',2.3,1,2015,1,2),('vmr_076','2015-01-15',2.3,1,2015,1,3),('vmr_077','2015-01-22',2.26,1,2015,1,4),('vmr_078','2015-01-29',2.27,1,2015,1,5),('vmr_079','2015-02-05',2.18,1,2015,2,6),('vmr_080','2015-02-12',2.15,1,2015,2,7),('vmr_081','2015-02-19',2.13,1,2015,2,8),('vmr_082','2015-02-26',2.13,1,2015,2,9),('vmr_083','2015-03-05',2.12,1,2015,3,10),('vmr_084','2015-03-12',2.12,1,2015,3,11),('vmr_085','2015-03-19',2.12,1,2015,3,12),('vmr_086','2015-03-26',2.12,1,2015,3,13),('vmr_087','2015-04-02',2.12,2,2015,4,14),('vmr_088','2015-04-09',2.12,2,2015,4,15),('vmr_089','2015-04-16',2.12,2,2015,4,16),('vmr_090','2015-04-23',2.12,2,2015,4,17),('vmr_091','2015-04-30',2.12,2,2015,4,18),('vmr_092','2015-05-07',2.12,2,2015,5,19),('vmr_093','2015-05-14',2.12,2,2015,5,20),('vmr_094','2015-05-21',2.12,2,2015,5,21),('vmr_095','2015-05-28',2.12,2,2015,5,22),('vmr_096','2015-06-04',2.13,2,2015,6,23),('vmr_097','2015-06-11',2.13,2,2015,6,24),('vmr_098','2015-06-18',2.13,2,2015,6,25),('vmr_099','2015-06-25',2.14,2,2015,6,26),('vmr_100','2015-07-02',2.13,3,2015,7,27),('vmr_101','2015-07-09',2.13,3,2015,7,28),('vmr_102','2015-07-16',2.13,3,2015,7,29),('vmr_103','2015-07-23',2.07,3,2015,7,30),('vmr_104','2015-07-30',2.04,3,2015,7,31),('vmr_105','2015-08-06',2.04,3,2015,8,32),('vmr_106','2015-08-13',1.98,3,2015,8,33),('vmr_107','2015-08-20',1.98,3,2015,8,34),('vmr_108','2015-08-27',1.99,3,2015,8,35),('vmr_109','2015-09-03',1.99,3,2015,9,36),('vmr_110','2015-09-10',1.99,3,2015,9,37),('vmr_111','2015-09-17',1.99,3,2015,9,38),('vmr_112','2015-09-24',1.99,3,2015,9,39),('vmr_113','2015-10-01',2,4,2015,10,40),('vmr_114','2015-10-08',2.01,4,2015,10,41),('vmr_115','2015-10-15',2.02,4,2015,10,42),('vmr_116','2015-10-22',2.03,4,2015,10,43),('vmr_117','2015-10-29',2.04,4,2015,10,44),('vmr_118','2015-11-05',2.04,4,2015,11,45),('vmr_119','2015-11-12',2.09,4,2015,11,46),('vmr_120','2015-11-19',2.09,4,2015,11,47),('vmr_121','2015-11-26',2.11,4,2015,11,48),('vmr_122','2015-12-03',2.14,4,2015,12,49),('vmr_123','2015-12-10',2.14,4,2015,12,50),('vmr_124','2015-12-17',2.16,4,2015,12,51),('vmr_125','2015-12-24',2.2,4,2015,12,52),('vmr_126','2015-12-31',2.2,4,2015,12,53),('vmr_127','2016-01-07',2.23,1,2016,1,2),('vmr_128','2016-01-14',2.25,1,2016,1,3),('vmr_129','2016-01-21',2.24,1,2016,1,4),('vmr_130','2016-01-28',2.24,1,2016,1,5),('vmr_131','2016-02-04',2.22,1,2016,2,6),('vmr_132','2016-02-11',2.24,1,2016,2,7),('vmr_133','2016-02-18',2.22,1,2016,2,8),('vmr_134','2016-02-25',2.24,1,2016,2,9),('vmr_135','2016-03-03',2.24,1,2016,3,10),('vmr_136','2016-03-10',2.24,1,2016,3,11),('vmr_137','2016-03-17',2.24,1,2016,3,12),('vmr_138','2016-03-24',2.24,1,2016,3,13),('vmr_139','2016-03-31',2.24,1,2016,3,14),('vmr_140','2016-04-07',2.24,2,2016,4,15),('vmr_141','2016-04-14',2.28,2,2016,4,16),('vmr_142','2016-04-21',2.24,2,2016,4,17),('vmr_143','2016-04-28',2.24,2,2016,4,18),('vmr_144','2016-05-05',2.21,2,2016,5,19),('vmr_145','2016-05-12',2.21,2,2016,5,20),('vmr_146','2016-05-19',2.2,2,2016,5,21),('vmr_147','2016-05-26',2.2,2,2016,5,22),('vmr_148','2016-06-02',2.19,2,2016,6,23),('vmr_149','2016-06-09',2.19,2,2016,6,24),('vmr_150','2016-06-16',2.2,2,2016,6,25),('vmr_151','2016-06-23',2.2,2,2016,6,26),('vmr_152','2016-06-30',2.2,2,2016,6,27),('vmr_153','2016-07-07',2.2,3,2016,7,28),('vmr_154','2016-07-14',2.19,3,2016,7,29),('vmr_155','2016-07-21',2.19,3,2016,7,30),('vmr_156','2016-07-28',2.19,3,2016,7,31),('vmr_157','2016-08-04',2.19,3,2016,8,32),('vmr_158','2016-08-11',2.19,3,2016,8,33),('vmr_159','2016-08-18',2.19,3,2016,8,34),('vmr_160','2016-08-25',2.19,3,2016,8,35),('vmr_161','2016-09-01',2.19,3,2016,9,36),('vmr_162','2016-09-08',2.19,3,2016,9,37),('vmr_163','2016-09-15',2.19,3,2016,9,38),('vmr_164','2016-09-22',2.19,3,2016,9,39),('vmr_165','2016-09-29',2.19,3,2016,9,40),('vmr_166','2016-10-06',2.19,4,2016,10,41),('vmr_167','2016-10-13',2.19,4,2016,10,42),('vmr_168','2016-10-20',2.19,4,2016,10,43),('vmr_169','2016-10-27',2.19,4,2016,10,44),('vmr_170','2016-11-03',2.19,4,2016,11,45),('vmr_171','2016-11-10',2.19,4,2016,11,46),('vmr_172','2016-11-17',2.19,4,2016,11,47),('vmr_173','2016-11-24',2.19,4,2016,11,48),('vmr_174','2016-12-01',2.19,4,2016,12,49),('vmr_175','2016-12-08',2.19,4,2016,12,50),('vmr_176','2016-12-15',2.19,4,2016,12,51),('vmr_177','2016-12-22',2.19,4,2016,12,52),('vmr_178','2016-12-29',2.19,4,2016,12,53),('vmr_179','2017-01-05',2.19,1,2017,1,1),('vmr_180','2017-01-12',2.19,1,2017,1,2),('vmr_181','2017-01-19',2.19,1,2017,1,3),('vmr_182','2017-01-26',2.18,1,2017,1,4),('vmr_183','2017-02-02',2.16,1,2017,2,5),('vmr_184','2017-02-09',2.14,1,2017,2,6),('vmr_185','2017-02-16',2.14,1,2017,2,7),('vmr_186','2017-02-23',2.11,1,2017,2,8),('vmr_187','2017-03-02',2.11,1,2017,3,9),('vmr_188','2017-03-09',2.14,1,2017,3,10),('vmr_189','2017-03-16',2.11,1,2017,3,11),('vmr_190','2017-03-23',2.04,1,2017,3,12),('vmr_191','2017-03-30',2.04,1,2017,3,13),('vmr_192','2017-04-06',2.03,2,2017,4,14),('vmr_193','2017-04-13',2.04,2,2017,4,15),('vmr_194','2017-04-20',2.04,2,2017,4,16),('vmr_195','2017-04-27',2.03,2,2017,4,17),('vmr_196','2017-05-04',2.03,2,2017,5,18),('vmr_197','2017-05-11',2.03,2,2017,5,19),('vmr_198','2017-05-18',2.03,2,2017,5,20),('vmr_199','2017-05-25',2.04,2,2017,5,21),('vmr_200','2017-06-01',2.02,2,2017,6,22),('vmr_201','2017-06-08',2.02,2,2017,6,23),('vmr_202','2017-06-15',2.02,2,2017,6,24),('vmr_203','2017-06-22',2.01,2,2017,6,25),('vmr_204','2017-06-29',2.01,2,2017,6,26),('vmr_205','2017-07-06',2.01,3,2017,7,27),('vmr_206','2017-07-13',2.05,3,2017,7,28),('vmr_207','2017-07-20',2.18,3,2017,7,29),('vmr_208','2017-07-27',2.17,3,2017,7,30),('vmr_209','2017-08-03',2.17,3,2017,8,31),('vmr_210','2017-08-10',2.17,3,2017,8,32),('vmr_211','2017-08-17',2.16,3,2017,8,33),('vmr_212','2017-08-24',2.14,3,2017,8,34),('vmr_213','2017-08-31',2.14,3,2017,8,35),('vmr_214','2017-09-07',2.18,3,2017,9,36),('vmr_215','2017-09-14',2.3,3,2017,9,37),('vmr_216','2017-09-21',2.29,3,2017,9,38),('vmr_217','2017-09-28',2.29,3,2017,9,39),('vmr_218','2017-10-05',2.26,4,2017,10,40),('vmr_219','2017-10-12',2.26,4,2017,10,41),('vmr_220','2017-10-19',2.27,4,2017,10,42),('vmr_221','2017-10-26',2.28,4,2017,10,43),('vmr_222','2017-11-02',2.28,4,2017,11,44),('vmr_223','2017-11-09',2.28,4,2017,11,45),('vmr_224','2017-11-16',2.25,4,2017,11,46),('vmr_225','2017-11-23',2.25,4,2017,11,47),('vmr_226','2017-11-30',2.22,4,2017,11,48),('vmr_227','2017-12-07',2.22,4,2017,12,49),('vmr_228','2017-12-14',2.22,4,2017,12,50),('vmr_229','2017-12-21',2.23,4,2017,12,51),('vmr_230','2017-12-28',2.22,4,2017,12,52),('vmr_231','2018-01-04',2.23,1,2018,1,1),('vmr_232','2018-01-11',2.23,1,2018,1,2),('vmr_233','2018-01-18',2.32,1,2018,1,3),('vmr_234','2018-01-25',2.45,1,2018,1,4),('vmr_235','2018-02-01',2.42,1,2018,2,5),('vmr_236','2018-02-08',2.4,1,2018,2,6),('vmr_237','2018-02-15',2.39,1,2018,2,7),('vmr_238','2018-02-22',2.37,1,2018,2,8),('vmr_239','2018-03-01',2.36,1,2018,3,9),('vmr_240','2018-03-08',2.36,1,2018,3,10),('vmr_241','2018-03-15',2.36,1,2018,3,11),('vmr_242','2018-03-22',2.36,1,2018,3,12),('vmr_243','2018-03-29',2.36,1,2018,3,13),('vmr_244','2018-04-05',2.36,2,2018,4,14),('vmr_245','2018-04-12',2.36,2,2018,4,15),('vmr_246','2018-04-19',2.35,2,2018,4,16),('vmr_247','2018-04-26',2.35,2,2018,4,17),('vmr_248','2018-05-03',2.35,2,2018,5,18),('vmr_249','2018-05-10',2.36,2,2018,5,19),('vmr_250','2018-05-17',2.36,2,2018,5,20),('vmr_251','2018-05-24',2.36,2,2018,5,21),('vmr_252','2018-05-31',2.36,2,2018,5,22),('vmr_253','2018-06-07',2.35,2,2018,6,23),('vmr_254','2018-06-14',2.36,2,2018,6,24),('vmr_255','2018-06-21',2.35,2,2018,6,25),('vmr_256','2018-06-28',2.35,2,2018,6,26),('vmr_257','2018-07-05',2.35,3,2018,7,27),('vmr_258','2018-07-12',2.38,3,2018,7,28),('vmr_259','2018-07-19',2.49,3,2018,7,29),('vmr_260','2018-07-26',2.49,3,2018,7,30),('vmr_261','2018-08-02',2.5,3,2018,8,31),('vmr_262','2018-08-09',2.51,3,2018,8,32),('vmr_263','2018-08-16',2.54,3,2018,8,33),('vmr_264','2018-08-23',2.54,3,2018,8,34),('vmr_265','2018-08-30',2.54,3,2018,8,35),('vmr_266','2018-09-06',2.54,3,2018,9,36),('vmr_267','2018-09-13',2.54,3,2018,9,37),('vmr_268','2018-09-20',2.54,3,2018,9,38),('vmr_269','2018-09-27',2.54,3,2018,9,39),('vmr_270','2018-10-04',2.54,4,2018,10,40),('vmr_271','2018-10-11',2.53,4,2018,10,41),('vmr_272','2018-10-18',2.53,4,2018,10,42),('vmr_273','2018-10-25',2.53,4,2018,10,43),('vmr_274','2018-11-01',2.66,4,2018,11,44),('vmr_275','2018-11-08',2.66,4,2018,11,45),('vmr_276','2018-11-15',2.65,4,2018,11,46),('vmr_277','2018-11-22',2.65,4,2018,11,47),('vmr_278','2018-11-29',2.72,4,2018,11,48),('vmr_279','2018-12-06',2.72,4,2018,12,49),('vmr_280','2018-12-13',2.73,4,2018,12,50),('vmr_281','2018-12-20',2.73,4,2018,12,51),('vmr_282','2018-12-27',2.76,4,2018,12,52),('vmr_283','2019-01-03',2.76,1,2019,1,1),('vmr_284','2019-01-10',2.76,1,2019,1,2),('vmr_285','2019-01-17',2.77,1,2019,1,3),('vmr_286','2019-01-24',2.77,1,2019,1,4),('vmr_287','2019-01-31',2.78,1,2019,1,5),('vmr_288','2019-02-07',2.78,1,2019,2,6),('vmr_289','2019-02-14',2.78,1,2019,2,7),('vmr_290','2019-02-21',2.78,1,2019,2,8),('vmr_291','2019-02-28',2.89,1,2019,2,9),('vmr_292','2019-03-07',2.89,1,2019,3,10),('vmr_293','2019-03-14',2.89,1,2019,3,11),('vmr_294','2019-03-21',2.89,1,2019,3,12),('vmr_295','2019-03-28',2.88,1,2019,3,13),('vmr_296','2019-04-04',2.88,2,2019,4,14),('vmr_297','2019-04-11',2.88,2,2019,4,15),('vmr_298','2019-04-18',2.88,2,2019,4,16),('vmr_299','2019-04-25',2.88,2,2019,4,17),('vmr_300','2019-05-02',2.88,2,2019,5,18),('vmr_301','2019-05-09',2.88,2,2019,5,19),('vmr_302','2019-05-16',2.88,2,2019,5,20),('vmr_303','2019-05-23',2.87,2,2019,5,21),('vmr_304','2019-05-30',2.9,2,2019,5,22),('vmr_305','2019-06-06',2.9,2,2019,6,23),('vmr_306','2019-06-13',2.9,2,2019,6,24),('vmr_307','2019-06-20',2.9,2,2019,6,25),('vmr_308','2019-06-27',2.9,2,2019,6,26),('vmr_309','2019-07-04',2.9,3,2019,7,27),('vmr_310','2019-07-11',2.9,3,2019,7,28),('vmr_311','2019-07-18',2.9,3,2019,7,29),('vmr_312','2019-07-25',2.9,3,2019,7,30),('vmr_313','2019-08-01',2.9,3,2019,8,31),('vmr_314','2019-08-08',2.9,3,2019,8,32),('vmr_315','2019-08-15',2.9,3,2019,8,33),('vmr_316','2019-08-22',2.9,3,2019,8,34),('vmr_317','2019-08-29',2.9,3,2019,8,35),('vmr_318','2019-09-05',2.9,3,2019,9,36),('vmr_319','2019-09-12',2.9,3,2019,9,37),('vmr_320','2019-09-19',2.9,3,2019,9,38),('vmr_321','2019-09-26',2.9,3,2019,9,39),('vmr_322','2019-10-03',2.9,4,2019,10,40),('vmr_323','2019-10-10',2.9,4,2019,10,41),('vmr_324','2019-10-17',2.9,4,2019,10,42),('vmr_325','2019-10-24',2.9,4,2019,10,43),('vmr_326','2019-10-31',2.9,4,2019,10,44),('vmr_327','2019-11-07',2.9,4,2019,11,45),('vmr_328','2019-11-14',2.9,4,2019,11,46),('vmr_329','2019-11-21',2.9,4,2019,11,47),('vmr_330','2019-11-28',2.9,4,2019,11,48),('vmr_331','2019-12-05',2.9,4,2019,12,49),('vmr_332','2019-12-12',2.9,4,2019,12,50),('vmr_333','2019-12-19',2.9,4,2019,12,51),('vmr_334','2019-12-26',2.9,4,2019,12,52),('vmr_335','2020-01-02',2.9,1,2020,1,1),('vmr_336','2020-01-09',2.9,1,2020,1,2),('vmr_337','2020-01-16',2.9,1,2020,1,3),('vmr_338','2020-01-23',2.89,1,2020,1,4),('vmr_339','2020-01-30',2.89,1,2020,1,5),('vmr_340','2020-02-06',2.89,1,2020,2,6),('vmr_341','2020-02-13',2.89,1,2020,2,7),('vmr_342','2020-02-20',2.89,1,2020,2,8),('vmr_343','2020-02-27',2.89,1,2020,2,9),('vmr_344','2020-03-05',2.89,1,2020,3,10),('vmr_345','2020-03-12',2.72,1,2020,3,11),('vmr_346','2020-03-19',2.33,1,2020,3,12),('vmr_347','2020-03-26',2.5,1,2020,3,13),('vmr_348','2020-04-02',2.46,2,2020,4,14),('vmr_349','2020-04-09',2.47,2,2020,4,15),('vmr_350','2020-04-16',2.27,2,2020,4,16),('vmr_351','2020-04-23',2.26,2,2020,4,17),('vmr_352','2020-04-30',2.25,2,2020,4,18),('vmr_353','2020-05-07',2.25,2,2020,5,19),('vmr_354','2020-05-14',2.25,2,2020,5,20),('vmr_355','2020-05-21',2.23,2,2020,5,21),('vmr_356','2020-05-28',2.23,2,2020,5,22),('vmr_357','2020-06-04',2.19,2,2020,6,23),('vmr_358','2020-06-11',2.14,2,2020,6,24),('vmr_359','2020-06-18',2.06,2,2020,6,25),('vmr_360','2020-06-25',2.06,2,2020,6,26),('vmr_361','2020-07-02',2.06,3,2020,7,27),('vmr_362','2020-07-09',2.05,3,2020,7,28),('vmr_363','2020-07-16',1.99,3,2020,7,29),('vmr_364','2020-07-23',1.97,3,2020,7,30),('vmr_365','2020-07-30',2.03,3,2020,7,31),('vmr_366','2020-08-06',2.04,3,2020,8,32),('vmr_367','2020-08-13',1.96,3,2020,8,33),('vmr_368','2020-08-20',1.92,3,2020,8,34),('vmr_369','2020-08-27',1.93,3,2020,8,35),('vmr_370','2020-09-03',1.93,3,2020,9,36),('vmr_371','2020-09-10',1.93,3,2020,9,37),('vmr_372','2020-09-17',1.93,3,2020,9,38),('vmr_373','2020-09-24',1.92,3,2020,9,39),('vmr_374','2020-10-01',1.91,4,2020,10,40),('vmr_375','2020-10-08',1.91,4,2020,10,41),('vmr_376','2020-10-15',1.87,4,2020,10,42),('vmr_377','2020-10-22',1.87,4,2020,10,43),('vmr_378','2020-10-29',1.87,4,2020,10,44),('vmr_379','2020-11-05',1.87,4,2020,11,45),('vmr_380','2020-11-12',1.87,4,2020,11,46),('vmr_381','2020-11-19',1.87,4,2020,11,47),('vmr_382','2020-11-26',1.87,4,2020,11,48),('vmr_383','2020-12-03',1.82,4,2020,12,49),('vmr_384','2020-12-10',1.81,4,2020,12,50),('vmr_385','2020-12-17',1.8,4,2020,12,51),('vmr_386','2020-12-24',1.78,4,2020,12,52),('vmr_387','2020-12-31',1.78,4,2020,12,53),('vmr_388','2021-01-07',1.78,1,2021,1,2),('vmr_389','2021-01-14',1.77,1,2021,1,3),('vmr_390','2021-01-21',1.65,1,2021,1,4),('vmr_391','2021-01-28',1.63,1,2021,1,5),('vmr_392','2021-02-04',1.58,1,2021,2,6),('vmr_393','2021-02-11',1.58,1,2021,2,7),('vmr_394','2021-02-18',1.58,1,2021,2,8),('vmr_395','2021-02-25',1.56,1,2021,2,9),('vmr_396','2021-03-04',1.56,1,2021,3,10),('vmr_397','2021-03-11',1.51,1,2021,3,11),('vmr_398','2021-03-18',1.46,1,2021,3,12),('vmr_399','2021-03-25',1.42,1,2021,3,13),('vmr_400','2021-04-01',1.42,2,2021,4,14),('vmr_401','2021-04-08',1.38,2,2021,4,15),('vmr_402','2021-04-15',1.36,2,2021,4,16),('vmr_403','2021-04-22',1.36,2,2021,4,17),('vmr_404','2021-04-29',1.37,2,2021,4,18),('vmr_405','2021-05-06',1.39,2,2021,5,19),('vmr_406','2021-05-13',1.38,2,2021,5,20),('vmr_407','2021-05-20',1.37,2,2021,5,21),('vmr_408','2021-05-27',1.37,2,2021,5,22),('vmr_409','2021-06-03',1.37,2,2021,6,23),('vmr_410','2021-06-10',1.37,2,2021,6,24),('vmr_411','2021-06-17',1.37,2,2021,6,25),('vmr_412','2021-06-24',1.37,2,2021,6,26),('vmr_413','2021-07-01',1.37,3,2021,7,27),('vmr_414','2021-07-08',1.37,3,2021,7,28),('vmr_415','2021-07-15',1.37,3,2021,7,29),('vmr_416','2021-07-22',1.37,3,2021,7,30),('vmr_417','2021-07-29',1.37,3,2021,7,31),('vmr_418','2021-08-05',1.37,3,2021,8,32),('vmr_419','2021-08-12',1.36,3,2021,8,33),('vmr_420','2021-08-19',1.36,3,2021,8,34),('vmr_421','2021-08-26',1.36,3,2021,8,35),('vmr_422','2021-09-02',1.34,3,2021,9,36),('vmr_423','2021-09-09',1.33,3,2021,9,37),('vmr_424','2021-09-16',1.33,3,2021,9,38),('vmr_425','2021-09-23',1.33,3,2021,9,39),('vmr_426','2021-09-30',1.33,3,2021,9,40),('vmr_427','2021-10-07',1.32,4,2021,10,41),('vmr_428','2021-10-14',1.33,4,2021,10,42),('vmr_429','2021-10-21',1.33,4,2021,10,43),('vmr_430','2021-10-28',1.33,4,2021,10,44),('vmr_431','2021-11-04',1.32,4,2021,11,45),('vmr_432','2021-11-11',1.32,4,2021,11,46),('vmr_433','2021-11-18',1.3,4,2021,11,47),('vmr_434','2021-11-25',1.29,4,2021,11,48),('vmr_435','2021-12-02',1.29,4,2021,12,49),('vmr_436','2021-12-09',1.26,4,2021,12,50),('vmr_437','2021-12-16',1.27,4,2021,12,51),('vmr_438','2021-12-23',1.3,4,2021,12,52),('vmr_439','2021-12-30',1.3,4,2021,12,53),('vmr_440','2022-01-06',1.31,1,2022,1,2),('vmr_441','2022-01-13',1.31,1,2022,1,3),('vmr_442','2022-01-20',1.3,1,2022,1,4),('vmr_443','2022-01-27',1.31,1,2022,1,5),('vmr_444','2022-02-03',1.31,1,2022,2,6),('vmr_445','2022-02-10',1.31,1,2022,2,7),('vmr_446','2022-02-17',1.29,1,2022,2,8),('vmr_447','2022-02-24',1.29,1,2022,2,9),('vmr_448','2022-03-03',1.29,1,2022,3,10),('vmr_449','2022-03-10',1.32,1,2022,3,11),('vmr_450','2022-03-17',1.41,1,2022,3,12),('vmr_451','2022-03-24',1.46,1,2022,3,13),('vmr_452','2022-03-31',1.45,1,2022,3,14),('vmr_453','2022-04-07',1.45,2,2022,4,15),('vmr_454','2022-04-14',1.52,2,2022,4,16),('vmr_455','2022-04-21',2.08,2,2022,4,17),('vmr_456','2022-04-28',2.11,2,2022,4,18),('vmr_457','2022-05-05',2.11,2,2022,5,19),('vmr_458','2022-05-12',2.12,2,2022,5,20),('vmr_459','2022-05-19',2.12,2,2022,5,21),('vmr_460','2022-05-26',2.12,2,2022,5,22),('vmr_461','2022-06-02',2.21,2,2022,6,23),('vmr_462','2022-06-09',2.64,2,2022,6,24),('vmr_463','2022-06-16',2.64,2,2022,6,25),('vmr_464','2022-06-23',2.68,2,2022,6,26),('vmr_465','2022-06-30',2.81,2,2022,6,27),('vmr_466','2022-07-07',2.83,3,2022,7,28),('vmr_467','2022-07-14',3.19,3,2022,7,29),('vmr_468','2022-07-21',3.65,3,2022,7,30),('vmr_469','2022-07-28',3.79,3,2022,7,31),('vmr_470','2022-08-04',3.79,3,2022,8,32),('vmr_471','2022-08-11',3.79,3,2022,8,33),('vmr_472','2022-08-18',3.79,3,2022,8,34),('vmr_473','2022-08-25',3.81,3,2022,8,35),('vmr_474','2022-09-01',3.81,3,2022,9,36),('vmr_475','2022-09-08',4.06,3,2022,9,37),('vmr_476','2022-09-15',4.41,3,2022,9,38),('vmr_477','2022-09-22',4.53,3,2022,9,39),('vmr_478','2022-09-29',4.53,3,2022,9,40),('vmr_479','2022-10-06',4.53,4,2022,10,41),('vmr_480','2022-10-13',4.5,4,2022,10,42),('vmr_481','2022-10-20',4.53,4,2022,10,43),('vmr_482','2022-10-27',4.85,4,2022,10,44),('vmr_483','2022-11-03',5.05,4,2022,11,45),('vmr_484','2022-11-10',5.03,4,2022,11,46),('vmr_485','2022-11-17',5.03,4,2022,11,47),('vmr_486','2022-11-24',4.97,4,2022,11,48),('vmr_487','2022-12-01',5.12,4,2022,12,49),('vmr_488','2022-12-08',5.45,4,2022,12,50),('vmr_489','2022-12-15',5.45,4,2022,12,51),('vmr_490','2022-12-22',5.45,4,2022,12,52),('vmr_491','2022-12-29',5.45,4,2022,12,53);
/*!40000 ALTER TABLE `var_mortgage_rate` ENABLE KEYS */;
UNLOCK TABLES;
/*!40103 SET TIME_ZONE=@OLD_TIME_ZONE */;

/*!40101 SET SQL_MODE=@OLD_SQL_MODE */;
/*!40014 SET FOREIGN_KEY_CHECKS=@OLD_FOREIGN_KEY_CHECKS */;
/*!40014 SET UNIQUE_CHECKS=@OLD_UNIQUE_CHECKS */;
/*!40101 SET CHARACTER_SET_CLIENT=@OLD_CHARACTER_SET_CLIENT */;
/*!40101 SET CHARACTER_SET_RESULTS=@OLD_CHARACTER_SET_RESULTS */;
/*!40101 SET COLLATION_CONNECTION=@OLD_COLLATION_CONNECTION */;
/*!40111 SET SQL_NOTES=@OLD_SQL_NOTES */;

-- Dump completed on 2023-07-30 12:48:18
